led_id,hex,bits
0,0x1a6464,110100110010001100100
1,0x148b3b,101001000101100111011
2,0x0269c5,000100110100111000101
3,0x0d222a,011010010001000101010
4,0x1698e5,101101001100011100101
5,0x1c6b3a,111000110101100111010
6,0x0595c9,001011001010111001001
7,0x08e8b6,010001110100010110110
8,0x137758,100110111011101011000
9,0x044996,001000100100110010110
10,0x13baa9,100111011101010101001
11,0x1649d3,101100100100111010011
12,0x0b922e,010111001001000101110
13,0x08ec91,010001110110010010001
14,0x1453a2,101000101001110100010
15,0x0aa275,010101010001001110101
16,0x1744ce,101110100010011001110
17,0x19ad39,110011010110100111001
18,0x063277,001100011001001110111
19,0x1c8d68,111001000110101101000
20,0x0a66b5,010100110011010110101
21,0x1751d8,101110101000111011000
22,0x089627,010001001011000100111
23,0x1548ea,101010100100011101010
24,0x0e3396,011100011001110010110
25,0x11ca6d,100011100101001101101
26,0x0d1599,011010001010110011001
27,0x02d365,000101101001101100101
28,0x1924ea,110010010010011101010
29,0x02c9d9,000101100100111011001
30,0x09b266,010011011001001100110
31,0x146db3,101000110110110110011
32,0x11965c,100011001011001011100
33,0x0d5ba7,011010101101110100111
34,0x13251b,100110010010100011011
35,0x0d6a6c,011010110101001101100
36,0x1395c6,100111001010111000110
37,0x144a38,101000100101000111000
38,0x09b746,010011011011101000110
39,0x14e2ad,101001110001010101101
40,0x0a3b3a,010100011101100111010
41,0x11a6c6,100011010011011000110
42,0x0a9d69,010101001110101101001
43,0x044a8e,001000100101010001110
44,0x18edb1,110001110110110110001
45,0x023347,000100011001101000111
46,0x15aee8,101011010111011101000
47,0x0b4733,010110100011100110011
48,0x1891dd,110001001000111011101
49,0x174c66,101110100110001100110
50,0x1a9b58,110101001101101011000
51,0x04e4e7,001001110010011100111
52,0x1bab48,110111010101101001000
53,0x025625,000100101011000100101
54,0x1c9976,111001001100101110110
55,0x116ecd,100010110111011001101
56,0x0dd12b,011011101000100101011
57,0x124c94,100100100110010010100
58,0x0d332b,011010011001100101011
59,0x1364d2,100110110010011010010
60,0x08bb23,010001011101100100011
61,0x13671c,100110110011100011100
62,0x04b9a7,001001011100110100111
63,0x1ac64e,110101100011001001110
64,0x0522b1,001010010001010110001
65,0x1a74d6,110100111010011010110
66,0x198ee9,110011000111011101001
67,0x177114,101110111000100010100
68,0x089ac9,010001001101011001001
69,0x12272e,100100010011100101110
70,0x0b51c5,010110101000111000101
71,0x15ad2e,101011010110100101110
72,0x0a76d5,010100111011011010101
73,0x156d2b,101010110110100101011
74,0x18a2b4,110001010001010110100
75,0x05776b,001010111011101101011
76,0x16ac92,101101010110010010010
77,0x095625,010010101011000100101
78,0x1a39ba,110100011100110111010
79,0x174624,101110100011000100100
80,0x0e358b,011100011010110001011
81,0x12cee5,100101100111011100101
82,0x0d531c,011010101001100011100
83,0x14ed73,101001110110101110011
84,0x0918ac,010010001100010101100
85,0x124733,100100100011100110011
86,0x19bac6,110011011101011000110
87,0x124728,100100100011100101000
88,0x0522d3,001010010001011010011
89,0x1b892d,110111000100100101101
90,0x14d2e3,101001101001011100011
91,0x0d2c99,011010010110010011001
92,0x12234e,100100010001101001110
93,0x0da4a2,011011010010010100010
94,0x1ae35d,110101110001101011101
95,0x056cee,001010110110011101110
96,0x16b298,101101011001010011000
97,0x0d49d5,011010100100111010101
98,0x11a4b2,100011010010010110010
99,0x026d69,000100110110101101001
100,0x199224,110011001001000100100
101,0x0668c7,001100110100011000111
102,0x19565c,110010101011001011100
103,0x0eab72,011101010101101110010
104,0x114e88,100010100111010001000
105,0x04d96d,001001101100101101101
106,0x03a6b3,000111010011010110011
107,0x1d716c,111010111000101101100
108,0x16c691,101101100011010010001
109,0x0b2a6b,010110010101001101011
110,0x18d134,110001101000100110100
111,0x1628e2,101100010100011100010
112,0x05db11,001011101101100010001
113,0x1624e6,101100010010011100110
114,0x0cda4d,011001101101001001101
115,0x0b2ab1,010110010101010110001
116,0x16d11a,101101101000100011010
117,0x1124e4,100010010010011100100
118,0x06453b,001100100010100111011
119,0x1988ca,110011000100011001010
120,0x03a627,000111010011000100111
121,0x145b58,101000101101101011000
122,0x091ca7,010010001110010100111
123,0x16b15a,101101011000101011010
124,0x0d4e97,011010100111010010111
125,0x13396b,100110011100101101011
126,0x0c6ec6,011000110111011000110
127,0x0a9371,010101001001101110001
128,0x1c6ca6,111000110110010100110
129,0x0988db,010011000100011011011
130,0x12762a,100100111011000101010
131,0x058b8d,001011000101110001101
132,0x1a36ca,110100011011011001010
133,0x16dd31,101101101110100110001
134,0x0338c7,000110011100011000111
135,0x19a738,110011010011100111000
136,0x0648e2,001100100100011100010
137,0x18bb1c,110001011101100011100
138,0x16cea9,101101100111010101001
139,0x093912,010010011100100010010
140,0x04c6ed,001001100011011101101
141,0x13ab16,100111010101100010110
142,0x18d4e9,110001101010011101001
143,0x0d2315,011010010001100010101
144,0x11d8ec,100011101100011101100
145,0x0e4716,011100100011100010110
146,0x1339c9,100110011100111001001
147,0x04d597,001001101010110010111
148,0x1a26c9,110100010011011001001
149,0x04e922,001001110100100100010
150,0x0236c9,000100011011011001001
151,0x0588b6,001011000100010110110
152,0x0aee29,010101110111000101001
153,0x1452d2,101000101001011010010
154,0x1389ac,100111000100110101100
155,0x116291,100010110001010010001
156,0x1c94ee,111001001010011101110
157,0x0b49d1,010110100100111010001
158,0x1ab22a,110101011001000101010
159,0x0d25c4,011010010010111000100
160,0x1a4e38,110100100111000111000
161,0x0291a7,000101001000110100111
162,0x15ce52,101011100111001010010
163,0x18b889,110001011100010001001
164,0x125166,100100101000101100110
165,0x148a91,101001000101010010001
166,0x0d3524,011010011010100100100
167,0x14c689,101001100011010001001
168,0x0a38b6,010100011100010110110
169,0x154729,101010100011100101001
170,0x0eb917,011101011100100010111
171,0x15c628,101011100011000101000
172,0x0a51d4,010100101000111010100
173,0x11172a,100010001011100101010
174,0x02d8c5,000101101100011000101
175,0x1d671c,111010110011100011100
176,0x0698d7,001101001100011010111
177,0x1a53aa,110100101001110101010
178,0x118e56,100011000111001010110
179,0x1b3499,110110011010010011001
180,0x14a264,101001010001001100100
181,0x074d1b,001110100110100011011
182,0x12aea4,100101010111010100100
183,0x1544da,101010100010011011010
184,0x1ae535,110101110010100110101
185,0x156ae8,101010110101011101000
186,0x06a51b,001101010010100011011
187,0x0c5344,011000101001101000100
188,0x1b2c9a,110110010110010011010
189,0x15d55d,101011101010101011101
190,0x0acab2,010101100101010110010
191,0x1724ec,101110010010011101100
192,0x099a59,010011001101001011001
193,0x116db6,100010110110110110110
194,0x0c94cd,011001001010011001101
195,0x156d31,101010110110100110001
196,0x088ecd,010001000111011001101
197,0x14512a,101000101000100101010
198,0x033691,000110011011010010001
199,0x196c6e,110010110110001101110
200,0x0e899c,011101000100110011100
201,0x0d74a3,011010111010010100011
202,0x148acc,101001000101011001100
203,0x1a6971,110100110100101110001
204,0x14a6ca,101001010011011001010
205,0x17692d,101110110100100101101
206,0x1a92b8,110101001001010111000
207,0x054913,001010100100100010011
208,0x1b16dc,110110001011011011100
209,0x1ce72a,111001110011100101010
210,0x0718d2,001110001100011010010
211,0x12ec6d,100101110110001101101
212,0x0b1b92,010110001101110010010
213,0x14a22e,101001010001000101110
214,0x1b9cb9,110111001110010111001
215,0x0a62d6,010100110001011010110
216,0x168e25,101101000111000100101
217,0x05b36e,001011011001101101110
218,0x1acd98,110101100110110011000
219,0x0d2225,011010010001000100101
220,0x1a9512,110101001010100010010
221,0x0c4ac9,011000100101011001001
222,0x131316,100110001001100010110
223,0x0dc4eb,011011100010011101011
224,0x12d316,100101101001100010110
225,0x0d2dca,011010010110111001010
226,0x14cab3,101001100101010110011
227,0x099155,010011001000101010101
228,0x162eb6,101100010111010110110
229,0x11d148,100011101000101001000
230,0x0526b6,001010010011010110110
231,0x0a574b,010100101011101001011
232,0x151cba,101010001110010111010
233,0x0b6375,010110110001101110101
234,0x1d164a,111010001011001001010
235,0x022999,000100010100110011001
236,0x18db66,110001101101101100110
237,0x1728d1,101110010100011010001
238,0x1aceac,110101100111010101100
239,0x133ad2,100110011101011010010
240,0x0cc98d,011001100100110001101
241,0x03a263,000111010001001100011
242,0x1959b8,110010101100110111000
243,0x16e6c6,101101110011011000110
244,0x114bbb,100010100101110111011
245,0x0d9c44,011011001110001000100
246,0x03232b,000110010001100101011
247,0x08ccd6,010001100110011010110
248,0x05362a,001010011011000101010
249,0x18ccd9,110001100110011011001
250,0x075bb6,001110101101110110110
251,0x0a6719,010100110011100011001
252,0x171ae4,101110001101011100100
253,0x0ea75a,011101010011101011010
254,0x0b58a4,010110101100010100100
255,0x168b52,101101000101101010010
256,0x0965ae,010010110010110101110
257,0x12bb52,100101011101101010010
258,0x08c6ae,010001100011010101110
259,0x053935,001010011100100110101
260,0x0a648e,010100110010010001110
261,0x191b65,110010001101101100101
262,0x063292,001100011001010010010
263,0x12dc49,100101101110001001001
264,0x0cab66,011001010101101100110
265,0x0b551d,010110101010100011101
266,0x16ea76,101101110101001110110
267,0x0e9da9,011101001110110101001
268,0x11ca46,100011100101001000110
269,0x0cb5a4,011001011010110100100
270,0x026a5b,000100110101001011011
271,0x0d116e,011010001000101101110
272,0x176e93,101110110111010010011
273,0x095974,010010101100101110100
274,0x176696,101110110011010010110
275,0x0b98e9,010111001100011101001
276,0x14e745,101001110011101000101
277,0x19329a,110010011001010011010
278,0x0ecb65,011101100101101100101
279,0x0554aa,001010101010010101010
280,0x1b6351,110110110001101010001
281,0x049cee,001001001110011101110
282,0x132d51,100110010110101010001
283,0x05caee,001011100101011101110
284,0x12d5b3,100101101010110110011
285,0x1d2d5c,111010010110101011100
286,0x075ab3,001110101101010110011
287,0x1ca4ce,111001010010011001110
288,0x038bab,000111000101110101011
289,0x147475,101000111010001110101
290,0x09a2ab,010011010001010101011
291,0x17571c,101110101011100011100
292,0x08ece4,010001110110011100100
293,0x115392,100010101001110010010
294,0x06e44d,001101110010001001101
295,0x0b2bb4,010110010101110110100
296,0x146469,101000110010001101001
297,0x0b1335,010110001001100110101
298,0x16e473,101101110010001110011
299,0x135aae,100110101101010101110
300,0x04ad33,001001010110100110011
301,0x0316dd,000110001011011011101
302,0x1da526,111011010010100100110
303,0x1658e8,101100101100011101000
304,0x09a362,010011010001101100010
305,0x16dd99,101101101110110011001
306,0x05a667,001011010011001100111
307,0x124cb8,100100100110010111000
308,0x0731d6,001110011000111010110
309,0x189c6c,110001001110001101100
310,0x072baa,001110010101110101010
311,0x0cc6c7,011001100011011000111
312,0x162b2a,101100010101100101010
313,0x0b6445,010110110010001000101
314,0x049392,001001001001110010010
315,0x072965,001110010100101100101
316,0x0d5392,011010101001110010010
317,0x128cc5,100101000110011000101
318,0x1d7222,111010111001000100010
319,0x0a4549,010100100010101001001
320,0x118b3a,100011000101100111010
321,0x027657,000100111011001010111
322,0x0cb899,011001011100010011001
323,0x0a6322,010100110001100100010
324,0x1589db,101011000100111011011
325,0x1b7236,110110111001000110110
326,0x058d89,001011000110110001001
327,0x117466,100010111010001100110
328,0x0e96dc,011101001011011011100
329,0x115ba5,100010101101110100101
330,0x0e6e4e,011100110111001001110
331,0x13919d,100111001000110011101
332,0x0e6eb2,011100110111010110010
333,0x03b349,000111011001101001001
334,0x1cc6a6,111001100011010100110
335,0x03896b,000111000100101101011
336,0x057197,001010111000110010111
337,0x12ba71,100101011101001110001
338,0x0b6889,010110110100010001001
339,0x1c9554,111001001010101010100
340,0x0a68bb,010100110100010111011
341,0x119354,100011001001101010100
342,0x064933,001100100100100110011
343,0x199ae5,110011001101011100101
344,0x0e2711,011100010011100010001
345,0x1b9a46,110111001101001000110
346,0x0ec71d,011101100011100011101
347,0x1532aa,101010011001010101010
348,0x0e9d16,011101001110100010110
349,0x11265d,100010010011001011101
350,0x06b1a3,001101011000110100011
351,0x195c76,110010101110001110110
352,0x16a32b,101101010001100101011
353,0x1b18e4,110110001100011100100
354,0x11a553,100011010010101010011
355,0x165aba,101100101101010111010
356,0x03b145,000111011000101000101
357,0x0c63ae,011000110001110101110
358,0x13b473,100111011010001110011
359,0x08c91c,010001100100100011100
360,0x1716e9,101110001011011101001
361,0x08c957,010001100100101010111
362,0x11268b,100010010011010001011
363,0x18cb35,110001100101100110101
364,0x059462,001011001010001100010
365,0x1a38d4,110100011100011010100
366,0x15555b,101010101010101011011
367,0x1aaa74,110101010101001110100
368,0x0255c7,000100101010111000111
369,0x0c8a29,011001000101000101001
370,0x177146,101110111000101000110
371,0x0ea2b1,011101010001010110001
372,0x165dc6,101100101110111000110
373,0x093ab7,010010011101010110111
374,0x12e94b,100101110100101001011
375,0x1954b2,110010101010010110010
376,0x02ab27,000101010101100100111
377,0x1556c8,101010101011011001000
378,0x0ab156,010101011000101010110
379,0x146698,101000110011010011000
380,0x0899c6,010001001100111000110
381,0x066339,001100110001100111001
382,0x1c8ca6,111001000110010100110
383,0x035245,000110101001001000101
384,0x1a2d12,110100010110100010010
385,0x04722d,001000111001000101101
386,0x1389da,100111000100111011010
387,0x0a7335,010100111001100110101
388,0x114ee6,100010100111011100110
389,0x05315d,001010011000101011101
390,0x0a4ba3,010100100101110100011
391,0x0cb74c,011001011011101001100
392,0x12cd96,100101100110110010110
393,0x19332d,110010011001100101101
394,0x0e6cd4,011100110110011010100
395,0x13152e,100110001010100101110
396,0x1cda74,111001101101001110100
397,0x12a3ba,100101010001110111010
398,0x0d444c,011010100010001001100
399,0x14a376,101001010001101110110
400,0x0659cb,001100101100111001011
401,0x093716,010010011011100010110
402,0x16e92b,101101110100100101011
403,0x0b2692,010110010011010010010
404,0x05cd65,001011100110101100101
405,0x1bb2d6,110111011001011010110
406,0x0dc58c,011011100010110001100
407,0x03ba55,000111011101001010101
408,0x0c73a3,011000111001110100011
409,0x12eeec,100101110111011101100
410,0x1d3316,111010011001100010110
411,0x1a8e65,110101000111001100101
412,0x15371b,101010011011100011011
413,0x188da4,110001000110110100100
414,0x0c775a,011000111011101011010
415,0x0714b7,001110001010010110111
416,0x19bb58,110011011101101011000
417,0x1464ad,101000110010010101101
418,0x09bb17,010011011101100010111
419,0x1b5648,110110101011001001000
420,0x16a593,101101010010110010011
421,0x19396e,110010011100101101110
422,0x029695,000101001011010010101
423,0x176b6a,101110110101101101010
424,0x1a54b5,110100101010010110101
425,0x158b6e,101011000101101101110
426,0x0ee4b5,011101110010010110101
427,0x191969,110010001100101101001
428,0x064715,001100100011100010101
429,0x1131ae,100010011000110101110
430,0x16e655,101101110011001010101
431,0x0d1ba9,011010001101110101001
432,0x122463,100100010010001100011
433,0x09cedd,010011100111011011101
434,0x16b562,101101011010101100010
435,0x0cd8d5,011001101100011010101
436,0x03646b,000110110010001101011
437,0x1cd336,111001101001100110110
438,0x029cd5,000101001110011010101
439,0x1ce238,111001110001000111000
440,0x097566,010010111010101100110
441,0x1a9b89,110101001101110001001
442,0x046d56,001000110110101010110
443,0x1aa3ae,110101010001110101110
444,0x15da53,101011101101001010011
445,0x036ced,000110110110011101101
446,0x0ca396,011001010001110010110
447,0x111cc8,100010001110011001000
448,0x0cabba,011001010101110111010
449,0x1b6cc5,110110110110011000101
450,0x08bbbb,010001011101110111011
451,0x0b76c4,010110111011011000100
452,0x14dd52,101001101110101010010
453,0x1ba335,110111010001100110101
454,0x0c44da,011000100010011011010
455,0x11ab74,100011010101101110100
456,0x07762b,001110111011000101011
457,0x16b9d8,101101011100111011000
458,0x116a26,100010110101000100110
459,0x0a9599,010101001010110011001
460,0x055a2e,001010101101000101110
461,0x18a469,110001010010001101001
462,0x1451d4,101000101000111010100
463,0x1a6c4a,110100110110001001010
464,0x199765,110011001011101100101
465,0x046893,001000110100010010011
466,0x0ba35c,010111010001101011100
467,0x1552e2,101010101001011100010
468,0x1bb998,110111011100110011000
469,0x0646a6,001100100011010100110
470,0x199359,110011001001101011001
471,0x071ca5,001110001110010100101
472,0x18b248,110001011001001001000
473,0x07193a,001110001100100111010
474,0x1b46a5,110110100011010100101
475,0x0c99db,011001001100111011011
476,0x157626,101010111011000100110
477,0x12cec9,100101100111011001001
478,0x1b3974,110110011100101110100
479,0x05d6d9,001011101011011011001
480,0x093ba2,010010011101110100010
481,0x0ac56d,010101100010101101101
482,0x0d3453,011010011010001010011
483,0x12dda9,100101101110110101001
484,0x0d115b,011010001000101011011
485,0x14ce62,101001100111001100010
486,0x0a34ac,010100011010010101100
487,0x19c95a,110011100100101011010
488,0x15b3a4,101011011001110100100
489,0x0e6449,011100110010001001001
490,0x1b8ab5,110111000101010110101
491,0x04e74e,001001110011101001110
492,0x1b15b6,110110001010110110110
493,0x0ce8ea,011001110100011101010
494,0x132651,100110010011001010001
495,0x145b2e,101000101101100101110
496,0x0b14c7,010110001010011000111
497,0x04abb1,001001010101110110001
498,0x1a5249,110100101001001001001
499,0x1db734,111011011011100110100
500,0x0445cb,001000100010111001011
501,0x18d225,110001101001000100101
502,0x112d48,100010010110101001000
503,0x0ac6b4,010101100011010110100
504,0x111963,100010001100101100011
505,0x0ed734,011101101011100110100
506,0x1151d9,100010101000111011001
507,0x073b46,001110011101101000110
508,0x19ca39,110011100101000111001
509,0x149946,101001001100101000110
510,0x0b76e3,010110111011011100011
511,0x11a99c,100011010100110011100
512,0x0ed2ee,011101101001011101110
513,0x1b2759,110110010011101011001
514,0x1649ac,101100100100110101100
515,0x139773,100111001011101110011
516,0x0e58ed,011100101100011101101
517,0x114758,100010100011101011000
518,0x0da8ab,011011010100010101011
519,0x1a4755,110100100011101010101
520,0x08b98a,010001011100110001010
521,0x1176d9,100010111011011011001
522,0x0bab26,010111010101100100110
523,0x175cda,101110101110011011010
524,0x0dba65,011011011101001100101
525,0x175d88,101110101110110001000
526,0x0a32d2,010100011001011010010
527,0x14ad49,101001010110101001001
528,0x0e54d7,011100101010011010111
529,0x1da948,111011010100101001000
530,0x0a94b6,010101001010010110110
531,0x0d6389,011010110001110001001
532,0x169d34,101101001110100110100
533,0x05744b,001010111010001001011
534,0x029ab7,000101001101010110111
535,0x15b5d1,101011011010111010001
536,0x1b6b2a,110110110101100101010
537,0x069c91,001101001110010010001
538,0x1d3a68,111010011101001101000
539,0x06a4d7,001101010010011010111
540,0x1b5a62,110110101101001100010
541,0x16e71d,101101110011100011101
542,0x1b1146,110110001000101000110
543,0x05ca9d,001011100101010011101
544,0x1d1132,111010001000100110010
545,0x1aeec4,110101110111011000100
546,0x071b1b,001110001101100011011
547,0x0cc456,011001100010001010110
548,0x113aec,100010011101011101100
549,0x0e5919,011100101100100011001
550,0x116263,100010110001001100011
551,0x0e5d1c,011100101110100011100
552,0x153671,101010011011001110001
553,0x098d8e,010011000110110001110
554,0x123175,100100011000101110101
555,0x11dc89,100011101110010001001
556,0x16e772,101101110011101110010
557,0x1916c5,110010001011011000101
558,0x046a2e,001000110101000101110
559,0x03b1d9,000111011000111011001
560,0x0e4c6c,011100100110001101100
561,0x053693,001010011011010010011
562,0x1ab934,110101011100100110100
563,0x0576ad,001010111011010101101
564,0x1a8c51,110101000110001010001
565,0x0476b2,001000111011010110010
566,0x11895c,100011000100101011100
567,0x0e26a2,011100010011010100010
568,0x114d16,100010100110100010110
569,0x06a289,001101010001010001001
570,0x1148d6,100010100100011010110
571,0x0aa449,010101010010001001001
572,0x059db6,001011001110110110110
573,0x124645,100100100011001000101
574,0x0d1d8a,011010001110110001010
575,0x02ec55,000101110110001010101
576,0x08b2b2,010001011001010110010
577,0x02552d,000100101010100101101
578,0x19b654,110011011011001010100
579,0x0259a7,000100101100110100111
580,0x18b354,110001011001101010100
581,0x06546a,001100101010001101010
582,0x0bbb94,010111011101110010100
583,0x112469,100010010010001101001
584,0x06edd2,001101110110111010010
585,0x097315,010010111001100010101
586,0x069d6b,001101001110101101011
587,0x11ce9c,100011100111010011100
588,0x0c6546,011000110010101000110
589,0x12cbb5,100101100101110110101
590,0x0cb5db,011001011010111011011
591,0x026a35,000100110101000110101
592,0x08958e,010001001010110001110
593,0x173b55,101110011101101010101
594,0x18c9a2,110001100100110100010
595,0x03271d,000110010011100011101
596,0x149a23,101001001101000100011
597,0x1b11dc,110110001000111011100
598,0x02e6a7,000101110011010100111
599,0x1ce95a,111001110100101011010
600,0x0a9645,010101001011001000101
601,0x112d12,100010010110100010010
602,0x0b92db,010111001001011011011
603,0x062b6d,001100010101101101101
604,0x05dc91,001011101110010010001
605,0x1b726e,110110111001001101110
606,0x02c515,000101100010100010101
607,0x0738ab,001110011100010101011
608,0x15d746,101011101011101000110
609,0x0aaed1,010101010111011010001
610,0x117123,100010111000100100011
611,0x0e6eda,011100110111011011010
612,0x11594d,100010101100101001101
613,0x08a6b6,010001010011010110110
614,0x175a29,101110101101000101001
615,0x16b596,101101011010110010110
616,0x1362e8,100110110001011101000
617,0x14bb19,101001011101100011001
618,0x0b6466,010110110010001100110
619,0x04aa99,001001010101010011001
620,0x114d63,100010100110101100011
621,0x14b118,101001011000100011000
622,0x074676,001110100011001110110
623,0x19ab19,110011010101100011001
624,0x1334d6,100110011010011010110
625,0x0ced6c,011001110110101101100
626,0x1312cb,100110001001011001011
627,0x18e954,110001110100101010100
628,0x03b22b,000111011001000101011
629,0x1a5d9d,110100101110110011101
630,0x053a26,001010011101000100110
631,0x12e499,100101110010010011001
632,0x0e9ba7,011101001101110100111
633,0x1d344c,111010011010001001100
634,0x02eb11,000101110101100010001
635,0x0d44ac,011010100010010101100
636,0x13a973,100111010100101110011
637,0x0cd66a,011001101011001101010
638,0x1169d5,100010110100111010101
639,0x16b72e,101101011011100101110
640,0x0988c5,010011000100011000101
641,0x06659a,001100110010110011010
642,0x195274,110010101001001110100
643,0x074c8b,001110100110010001011
644,0x09a324,010011010001100100100
645,0x174ad9,101110100101011011001
646,0x08e563,010001110010101100011
647,0x134b98,100110100101110011000
648,0x16b926,101101011100100100110
649,0x09cc53,010011100110001010011
650,0x12b765,100101011011101100101
651,0x0b59ab,010110101100110101011
652,0x16265c,101100010011001011100
653,0x0dd125,011011101000100100101
654,0x12adca,100101010110111001010
655,0x053235,001010011001000110101
656,0x16d54a,101101101010101001010
657,0x0b6b97,010110110101110010111
658,0x14956d,101001001010101101101
659,0x0b62a3,010110110001010100011
660,0x1c971c,111001001011100011100
661,0x06e5a3,001101110010110100011
662,0x198ed4,110011000111011010100
663,0x05512d,001010101000100101101
664,0x1ba655,110111010011001010101
665,0x16cb29,101101100101100101001
666,0x092d47,010010010110101000111
667,0x065269,001100101001001101001
668,0x0caa94,011001010101010010100
669,0x0b5763,010110101011101100011
670,0x1ce294,111001110001010010100
671,0x0b572a,010110101011100101010
672,0x18e291,110001110001010010001
673,0x16a96a,101101010100101101010
674,0x095897,010010101100010010111
675,0x14bb62,101001011101101100010
676,0x094b8d,010010100101110001101
677,0x063a69,001100011101001101001
678,0x0da717,011011010011100010111
679,0x1a4aa9,110100100101010101001
680,0x0c7536,011000111010100110110
681,0x072a89,001110010101010001001
682,0x08da67,010001101101001100111
683,0x152539,101010010010100111001
684,0x0e92c4,011101001001011000100
685,0x116d5b,100010110110101011011
686,0x1a32ac,110100011001010101100
687,0x0d5b73,011010101101101110011
688,0x1736a8,101110011011010101000
689,0x044e77,001000100111001110111
690,0x0bb1dc,010111011000111011100
691,0x06ce65,001101100111001100101
692,0x0d34aa,011010011010010101010
693,0x1a594d,110100101100101001101
694,0x06e2bb,001101110001010111011
695,0x1d5644,111010101011001000100
696,0x028bb3,000101000101110110011
697,0x0971cc,010010111000111001100
698,0x1a8a72,110101000101001110010
699,0x0c528d,011000101001010001101
700,0x134cca,100110100110011001010
701,0x1ca538,111001010010100111000
702,0x071a56,001110001101001010110
703,0x0263a9,000100110001110101001
704,0x191cb4,110010001110010110100
705,0x044b45,001000100101101000101
706,0x0aad9b,010101010110110011011
707,0x175a4e,101110101101001001110
708,0x0ce575,011001110010101110101
709,0x112a9c,100010010101010011100
710,0x0cd55a,011001101010101011010
711,0x152aad,101010010101010101101
712,0x08d19a,010001101000110011010
713,0x166c51,101100110110001010001
714,0x0b3376,010110011001101110110
715,0x16ccd1,101101100110011010001
716,0x1b374e,110110011011101001110
717,0x0dd899,011011101100010011001
718,0x14e6ee,101001110011011101110
719,0x091b14,010010001101100010100
720,0x1c4c4a,111000100110001001010
721,0x0a31dd,010100011000111011101
722,0x11cb2e,100011100101100101110
723,0x0d145d,011010001010001011101
724,0x1a5aa4,110100101101010100100
725,0x05cd59,001011100110101011001
726,0x0a28aa,010100010100010101010
727,0x1745dc,101110100010111011100
728,0x092a93,010010010101010010011
729,0x125555,100100101010101010101
730,0x0caeac,011001010111010101100
731,0x095353,010010101001101010011
732,0x189c8c,110001001110010001100
733,0x0d2969,011010010100101101001
734,0x11d19c,100011101000110011100
735,0x0b8e53,010111000111001010011
736,0x1715b9,101110001010110111001
737,0x08da6c,010001101101001101100
738,0x1315da,100110001010111011010
739,0x0c8d35,011001000110100110101
740,0x1772cb,101110111001011001011
741,0x189dd4,110001001110111010100
742,0x126e3a,100100110111000111010
743,0x0b88cc,010111000100011001100
744,0x115b22,100010101101100100010
745,0x06adcb,001101010110111001011
746,0x197294,110010111001010010100
747,0x06ec47,001101110110001000111
748,0x135bb9,100110101101110111001
749,0x08e64e,010001110011001001110
750,0x065895,001100101100010010101
751,0x093462,010010011010001100010
752,0x06d9dd,001101101100111011101
753,0x0996b2,010011001011010110010
754,0x045c5d,001000101110001011101
755,0x1692b2,101101001001010110010
756,0x034d9d,000110100110110011101
757,0x1cdaea,111001101101011101010
758,0x022e57,000100010111001010111
759,0x1473a8,101000111001110101000
760,0x0b9c52,010111001110001010010
761,0x112b89,100010010101110001001
762,0x1ad664,110101101011001100100
763,0x032ddb,000110010110111011011
764,0x19da69,110011101101001101001
765,0x174cb6,101110100110010110110
766,0x05b169,001011011000101101001
767,0x1a3892,110100011100010010010
768,0x12c669,100101100011001101001
769,0x059c9a,001011001110010011010
770,0x0b732d,010110111001100101101
771,0x188c56,110001000110001010110
772,0x176ab9,101110110101010111001
773,0x0ad44c,010101101010001001100
774,0x154b95,101010100101110010101
775,0x0bb9ca,010111011100111001010
776,0x1555b5,101010101010110110101
777,0x18aa8c,110001010101010001100
778,0x067171,001100111000101110001
779,0x1dc8ce,111011100100011001110
780,0x123b18,100100011101100011000
781,0x098ee7,010011000111011100111
782,0x1d711a,111010111000100011010
783,0x09aec5,010011010111011000101
784,0x1d55ba,111010101010110111010
785,0x068b51,001101000101101010001
786,0x19b5a2,110011011010110100010
787,0x064edd,001100100111011011101
788,0x1d194a,111010001100101001010
789,0x02d229,000101101001000101001
790,0x19cd56,110011100110101010110
791,0x1b3269,110110011001001101001
792,0x0ccca7,011001100110010100111
793,0x15225a,101010010001001011010
794,0x0ae52e,010101110010100101110
795,0x1488dd,101001000100011011101
796,0x13bb62,100111011101101100010
797,0x095cdd,010010101110011011101
798,0x13aa2c,100111010101000101100
799,0x0c514b,011000101000101001011
800,0x19abac,110011010101110101100
801,0x024e4b,000100100111001001011
802,0x0993b4,010011001001110110100
803,0x162d5a,101100010110101011010
804,0x1b5ac5,110110101101011000101
805,0x18ab38,110001010101100111000
806,0x06c4e6,001101100010011100110
807,0x188939,110001000100100111001
808,0x1d3656,111010011011001010110
809,0x0288e5,000101000100011100101
810,0x1c5598,111000101010110011000
811,0x0b8ec6,010111000111011000110
812,0x0d5db9,011010101110110111001
813,0x198b46,110011000101101000110
814,0x0974d9,010010111010011011001
815,0x1d8b2c,111011000101100101100
816,0x025a97,000100101101010010111
817,0x0ba56c,010111010010101101100
818,0x146e33,101000110111000110011
819,0x0a9344,010101001001101000100
820,0x0526ea,001010010011011101010
821,0x198991,110011000100110010001
822,0x0c56ce,011000101011011001110
823,0x031973,000110001100101110011
824,0x1dc5d8,111011100010111011000
825,0x051b25,001010001101100100101
826,0x12ee5a,100101110111001011010
827,0x0956ac,010010101011010101100
828,0x16955c,101101001010101011100
829,0x0568e3,001010110100011100011
830,0x12953b,100101001010100111011
831,0x116a54,100010110101001010100
832,0x1a9da8,110101001110110101000
833,0x1776d4,101110111011011010100
834,0x0aed3b,010101110110100111011
835,0x15d296,101011101001010010110
836,0x0a296c,010100010100101101100
837,0x11d65a,100011101011001011010
838,0x072d2d,001110010110100101101
839,0x0898e3,010001001100011100011
840,0x076545,001110110010101000101
841,0x189a2c,110001001101000101100
842,0x0675db,001100111010111011011
843,0x1b8a55,110111000101001010101
844,0x0cb14b,011001011000101001011
845,0x124eb2,100100100111010110010
846,0x1db52c,111011011010100101100
847,0x025ad9,000100101101011011001
848,0x1aa4a4,110101010010010100100
849,0x11d749,100011101011101001001
850,0x062576,001100010010101110110
851,0x1adccd,110101101110011001101
852,0x0eb362,011101011001101100010
853,0x1268ac,100100110100010101100
854,0x0a5713,010100101011100010011
855,0x038ce9,000111000110011101001
856,0x0cd232,011001101001000110010
857,0x136dc4,100110110110111000100
858,0x0a9259,010101001001001011001
859,0x1519ac,101010001100110101100
860,0x06e517,001101110010100010111
861,0x11ba4a,100011011101001001010
862,0x0265a5,000100110010110100101
863,0x099b9a,010011001101110011010
864,0x16e46c,101101110010001101100
865,0x0b63b1,010110110001110110001
866,0x15dc4c,101011101110001001100
867,0x0936a5,010010011011010100101
868,0x06eb12,001101110101100010010
869,0x0bb489,010111011010010001001
870,0x14eb6e,101001110101101101110
871,0x11b239,100011011001000111001
872,0x1a44c6,110100100010011000110
873,0x0ddb2c,011011101101100101100
874,0x166571,101100110010101110001
875,0x19489d,110010100100010011101
876,0x06aa62,001101010101001100010
877,0x1115cc,100010001010111001100
878,0x0ee939,011101110100100111001
879,0x171466,101110001010001100110
880,0x04ee95,001001110111010010101
881,0x115363,100010101001101100011
882,0x0e2e94,011100010111010010100
883,0x118b65,100011000101101100101
884,0x09763b,010010111011000111011
885,0x1a9d46,110101001110101000110
886,0x16e3b1,101101110001110110001
887,0x19ad46,110011010110101000110
888,0x0e5639,011100101011000111001
889,0x05a9d7,001011010100111010111
890,0x0c522c,011000101001000101100
891,0x12e8ba,100101110100010111010
892,0x071166,001110001000101100110
893,0x1a4e8d,110100100111010001101
894,0x149472,101001001010001110010
895,0x035b4d,000110101101101001101
896,0x16c696,101101100011010010110
897,0x0d593b,011010101100100111011
898,0x16e5cc,101101110010111001100
899,0x111ca3,100010001110010100011
900,0x0e2364,011100010001101100100
901,0x08ddd3,010001101110111010011
902,0x16aa45,101101010101001000101
903,0x055c92,001010101110010010010
904,0x1ab16d,110101011000101101101
905,0x046e5b,001000110111001011011
906,0x03b9a5,000111011100110100101
907,0x14e65b,101001110011001011011
908,0x0d4b34,011010100101100110100
909,0x123aeb,100100011101011101011
910,0x0ec525,011101100010100100101
911,0x13ba6b,100111011101001101011
912,0x0944d7,010010100010011010111
913,0x12ae29,100101010111000101001
914,0x094977,010010100100101110111
915,0x16339b,101100011001110011011
916,0x18e565,110001110010101100101
917,0x05b2c6,001011011001011000110
918,0x1b1511,110110001010100010001
919,0x08bad6,010001011101011010110
920,0x145519,101000101010100011001
921,0x0aea97,010101110101010010111
922,0x144d6e,101000100110101101110
923,0x139b95,100111001101110010101
924,0x0ce572,011001110010101110010
925,0x11929c,100011001001010011100
926,0x164b73,101100100101101110011
927,0x0cb88e,011001011100010001110
928,0x114533,100010100010100110011
929,0x0c9ad4,011001001101011010100
930,0x112773,100010010011101110011
931,0x045989,001000101100110001001
932,0x1b8e71,110111000111001110001
933,0x046392,001000110001110010010
934,0x19366e,110010011011001101110
935,0x06e957,001101110100101010111
936,0x158ca8,101011000110010101000
937,0x1b7175,110110111000101110101
938,0x0d4ece,011010100111011001110
939,0x169575,101101001010101110101
940,0x088a5c,010001000101001011100
941,0x14752b,101000111010100101011
942,0x134a56,100110100101001010110
943,0x04ecb9,001001110110010111001
944,0x0b11ae,010110001000110101110
945,0x12cd5b,100101100110101011011
946,0x0d9622,011011001011000100010
947,0x16a91c,101101010100100011100
948,0x11c4ab,100011100010010101011
949,0x0caac5,011001010101011000101
950,0x119d9b,100011001110110011011
951,0x0e556c,011100101010101101100
952,0x02ae33,000101010111000110011
953,0x1c5cdc,111000101110011011100
954,0x12b626,100101011011000100110
955,0x0dd8d2,011011101100011010010
956,0x1ab668,110101011011001101000
957,0x11c496,100011100010010010110
958,0x0e5a25,011100101101000100101
959,0x159556,101011001010101010110
960,0x063ab3,001100011101010110011
961,0x114455,100010100010001010101
962,0x0dd33a,011011101001100111010
963,0x1b6e4c,110110110111001001100
964,0x02d1b9,000101101000110111001
965,0x156656,101010110011001010110
966,0x1891c8,110001001000111001000
967,0x076756,001110110011101010110
968,0x08929a,010001001001010011010
969,0x116515,100010110010100010101
970,0x0c9c63,011001001110001100011
971,0x176238,101110110001000111000
972,0x0a35db,010100011010111011011
973,0x0d9a24,011011001101000100100
974,0x0a24d9,010100010010011011001
975,0x12c92a,100101100100100101010
976,0x091265,010010001001001100101
977,0x166d96,101100110110110010110
978,0x13146b,100110001010001101011
979,0x0ee59c,011101110010110011100
980,0x031323,000110001001100100011
981,0x1c6d58,111000110110101011000
982,0x039b8d,000111001101110001101
983,0x15c4a6,101011100010010100110
984,0x026d19,000100110110100011001
985,0x0c9276,011001001001001110110
986,0x176b8b,101110110101110001011
987,0x08915c,010001001000101011100
988,0x173a31,101110011101000110001
989,0x08a55d,010001010010101011101
990,0x0758e7,001110101100011100111
991,0x08ad15,010001010110100010101
992,0x155376,101010101001101110110
993,0x0ca989,011001010100110001001
994,0x035667,000110101011001100111
995,0x0e8d99,011101000110110011001
996,0x1192d6,100011001001011010110
997,0x0b696a,010110110100101101010
998,0x16948d,101101001010010001101
999,0x0b2752,010110010011101010010
1000,0x1448a5,101000100100010100101
1001,0x0735cb,001110011010111001011
1002,0x18ab65,110001010101101100101
1003,0x05544e,001010101010001001110
1004,0x0ecaa5,011101100101010100101
1005,0x12359c,100100011010110011100
1006,0x1c626a,111000110001001101010
1007,0x129895,100101001100010010101
1008,0x0b444b,010110100010001001011
1009,0x0631a6,001100011000110100110
1010,0x128e58,100101000111001011000
1011,0x047135,001000111000100110101
1012,0x1b1dd8,110110001110111011000
1013,0x0a6237,010100110001000110111
1014,0x1c9548,111001001010101001000
1015,0x166b93,101100110101110010011
1016,0x0d965a,011011001011001011010
1017,0x044d35,001000100110100110101
1018,0x1394dd,100111001010011011101
1019,0x0a6a72,010100110101001110010
1020,0x1731a4,101110011000110100100
1021,0x04c6db,001001100011011011011
1022,0x0a5da4,010100101110110100100
1023,0x04aed1,001001010111011010001
1024,0x0d5366,011010101001101100110
1025,0x16aec8,101101010111011001000
1026,0x0d9997,011011001100110010111
1027,0x12223a,100100010001000111010
1028,0x0dadd9,011011010110111011001
1029,0x129aa2,100101001101010100010
1030,0x09275d,010010010011101011101
1031,0x128cb2,100101000110010110010
1032,0x0e5347,011100101001101000111
1033,0x158c5c,101011000110001011100
1034,0x125131,100100101000100110001
1035,0x05ad4e,001011010110101001110
1036,0x1635b1,101100011010110110001
1037,0x09a24d,010011010001001001101
1038,0x0445b7,001000100010110110111
1039,0x13394e,100110011100101001110
1040,0x044ea9,001000100111010101001
1041,0x12924e,100101001001001001110
1042,0x08eb73,010001110101101110011
1043,0x173895,101110011100010010101
1044,0x1156ea,100010101011011101010
1045,0x0a29cd,010100010100111001101
1046,0x11c632,100011100011000110010
1047,0x0636dd,001100011011011011101
1048,0x1b89a2,110111000100110100010
1049,0x151258,101010001001001011000
1050,0x038d77,000111000110101110111
1051,0x165b8a,101100101101110001010
1052,0x0d8975,011011000100101110101
1053,0x126ccc,100100110110011001100
1054,0x09d137,010011101000100110111
1055,0x068cc9,001101000110011001001
1056,0x191266,110010001001001100110
1057,0x16c9d8,101101100100111011000
1058,0x0a26e4,010100010011011100100
1059,0x08c93b,010001100100100111011
1060,0x1131cd,100010011000111001101
1061,0x0a4c62,010100100110001100010
1062,0x11b34c,100011011001101001100
1063,0x16dc95,101101101110010010101
1064,0x0daa2c,011011010101000101100
1065,0x11d4d1,100011101010011010001
1066,0x0c492d,011000100100100101101
1067,0x129adb,100101001101011011011
1068,0x057165,001010111000101100101
1069,0x18a716,110001010011100010110
1070,0x1311a8,100110001000110101000
1071,0x08e715,010001110011100010101
1072,0x1b9c6e,110111001110001101110
1073,0x0cd317,011001101001100010111
1074,0x14ecd8,101001110110011011000
1075,0x095b25,010010101101100100101
1076,0x04ad1a,001001010110100011010
1077,0x195391,110010101001110010001
1078,0x15ce2e,101011100111000101110
1079,0x0b239d,010110010001110011101
1080,0x1c6c74,111000110110001110100
1081,0x0393a9,000111001001110101001
1082,0x1c4ec4,111000100111011000100
1083,0x0ab123,010101011000100100011
1084,0x15d68c,101011101011010001100
1085,0x0d2951,011010010100101010001
1086,0x1ace36,110101100111000110110
1087,0x0d119a,011010001000110011010
1088,0x1aa635,110101010011000110101
1089,0x05d1ba,001011101000110111010
1090,0x1a4c55,110100100110001010101
1091,0x04b2bb,001001011001010111011
1092,0x124955,100100100100101010101
1093,0x0936ba,010010011011010111010
1094,0x14eb2d,101001110101100101101
1095,0x111562,100010001010101100010
1096,0x09cb19,010011100101100011001
1097,0x06b463,001101011010001100011
1098,0x1369b4,100110110100110110100
1099,0x1a9c89,110101001110010001001
1100,0x074773,001110100011101110011
1101,0x1ab44c,110101011010001001100
1102,0x095922,010010101100100100010
1103,0x169cd8,101101001110011011000
1104,0x095b6e,010010101101101101110
1105,0x1aedd1,110101110110111010001
1106,0x155a6d,101010101101001101101
1107,0x08a997,010001010100110010111
1108,0x065659,001100101011001011001
1109,0x1b6db2,110110110110110110010
1110,0x0cd755,011001101011101010101
1111,0x1132a3,100010011001010100011
1112,0x0dcc6c,011011100110001101100
1113,0x1a7392,110100111001110010010
1114,0x0daa69,011011010101001101001
1115,0x06731a,001100111001100011010
1116,0x148da5,101001000110110100101
1117,0x0b525b,010110101001001011011
1118,0x1ae8b4,110101110100010110100
1119,0x14b749,101001011011101001001
1120,0x0a2893,010100010100010010011
1121,0x153765,101010011011101100101
1122,0x04691a,001000110100100011010
1123,0x09d5c4,010011101010111000100
1124,0x174b35,101110100101100110101
1125,0x08c54a,010001100010101001010
1126,0x177335,101110111001100110101
1127,0x196ed6,110010110111011010110
1128,0x08d139,010001101000100111001
1129,0x063246,001100011001001000110
1130,0x1925ba,110010010010110111010
1131,0x074a55,001110100101001010101
1132,0x1ba36a,110111010001101101010
1133,0x0ed455,011101101010001010101
1134,0x1d6da2,111010110110110100010
1135,0x12534c,100100101001101001100
1136,0x05aeb7,001011010111010110111
1137,0x1b134a,110110001001101001010
1138,0x05c8ad,001011100100010101101
1139,0x1a6b52,110100110101101010010
1140,0x0eb6ad,011101011011010101101
1141,0x1d8b32,111011000101100110010
1142,0x0a5565,010100101010101100101
1143,0x0dca8a,011011100101010001010
1144,0x16b6b5,101101011011010110101
1145,0x034d4b,000110100110101001011
1146,0x14e3a6,101001110001110100110
1147,0x071c73,001110001110001110011
1148,0x1ae8a9,110101110100010101001
1149,0x075675,001110101011001110101
1150,0x09ba9b,010011011101010011011
1151,0x04736e,001000111001101101110
1152,0x1b8d32,110111000110100110010
1153,0x04d489,001001101010010001001
1154,0x19bb44,110011011101101000100
1155,0x02c493,000101100010010010011
1156,0x189965,110001001100101100101
1157,0x05249b,001010010010010011011
1158,0x19d262,110011101001001100010
1159,0x048d51,001001000110101010001
1160,0x1d56a2,111010101011010100010
1161,0x0b2a5c,010110010101001011100
1162,0x1674a3,101100111010010100011
1163,0x0b5b4a,010110101101101001010
1164,0x0cc59d,011001100010110011101
1165,0x1b4a68,110110100101001101000
1166,0x0471a2,001000111000110100010
1167,0x1a8a2e,110101000101000101110
1168,0x047653,001000111011001010011
1169,0x199cad,110011001110010101101
1170,0x12e352,100101110001101010010
1171,0x05156d,001010001010101101101
1172,0x06eea2,001101110111010100010
1173,0x1dd1d4,111011101000111010100
1174,0x12652b,100100110010100101011
1175,0x0dc8c4,011011100100011000100
1176,0x18b33a,110001011001100111010
1177,0x0d14c5,011010001010011000101
1178,0x02cb17,000101100101100010111
1179,0x0d38a2,011010011100010100010
1180,0x06935d,001101001001101011101
1181,0x1b24b1,110110010010010110001
1182,0x08cb76,010001100101101110110
1183,0x163289,101100011001010001001
1184,0x1b4b36,110110100101100110110
1185,0x05a49d,001011010010010011101
1186,0x1c46e2,111000100011011100010
1187,0x03a513,000111010010100010011
1188,0x1c5c8e,111000101110010001110
1189,0x13a275,100111010001001110101
1190,0x04ddb2,001001101110110110010
1191,0x0ea2cd,011101010001011001101
1192,0x11d1b9,100011101000110111001
1193,0x0a6d44,010100110110101000100
1194,0x05aa39,001011010101000111001
1195,0x16554c,101100101010101001100
1196,0x0da273,011011010001001110011
1197,0x129545,100101001010101000101
1198,0x0dc893,011011100100010010011
1199,0x167245,101100111001001000101
1200,0x0d5db2,011010101110110110010
1201,0x16628d,101100110001010001101
1202,0x095d72,010010101110101110010
1203,0x068899,001101000100010011001
1204,0x091767,010010001011101100111
1205,0x16898b,101101000100110001011
1206,0x1c7634,111000111011000110100
1207,0x028d53,000101000110101010011
1208,0x0932ed,010010011001011101101
1209,0x06d732,001101101011100110010
1210,0x0a38ad,010100011100010101101
1211,0x14d564,101001101010101100100
1212,0x133398,100110011001110011000
1213,0x0ca56e,011001010010101101110
1214,0x0b7313,010110111001100010011
1215,0x128e88,100101000111010001000
1216,0x0cd173,011001101000101110011
1217,0x12e625,100101110011000100101
1218,0x0d2596,011010010010110010110
1219,0x16d23b,101101101001000111011
1220,0x08a8d4,010001010100011010100
1221,0x06373b,001100011011100111011
1222,0x09d454,010011101010001010100
1223,0x06caa3,001101100101010100011
1224,0x1ba51c,110111010010100011100
1225,0x046363,001000110001101100011
1226,0x0bb596,010111011010110010110
1227,0x154b2a,101010100101100101010
1228,0x09b5a7,010011011010110100111
1229,0x04c63a,001001100011000111010
1230,0x1671c4,101100111000111000100
1231,0x18aa58,110001010101001011000
1232,0x165525,101100101010100100101
1233,0x08ead2,010001110101011010010
1234,0x145db1,101000101110110110001
1235,0x0a729b,010100111001010011011
1236,0x052645,001010010011001000101
1237,0x0a93ba,010101001001110111010
1238,0x156c59,101010110110001011001
1239,0x0e92ac,011101001001010101100
1240,0x132b5b,100110010101101011011
1241,0x18e5a6,110001110010110100110
1242,0x033b39,000110011101100111001
1243,0x1ca5da,111001010010111011010
1244,0x0b488c,010110100100010001100
1245,0x0db363,011011011001101100011
1246,0x134456,100110100010001010110
1247,0x1db988,111011011100110001000
1248,0x0746e3,001110100011011100011
1249,0x1aa9da,110101010100111011010
1250,0x111d24,100010001110100100100
1251,0x02e2eb,000101110001011101011
1252,0x11b911,100011011100100010001
1253,0x06ce46,001101100111001000110
1254,0x02b5b9,000101011010110111001
1255,0x046b76,001000110101101110110
1256,0x13ad9b,100111010110110011011
1257,0x1d12cc,111010001001011001100
1258,0x02593b,000100101100100111011
1259,0x0994c6,010011001010011000110
1260,0x14e368,101001110001101101000
1261,0x0b945d,010111001010001011101
1262,0x14a8e3,101001010100011100011
1263,0x19d258,110011101001001011000
1264,0x0e5d8b,011100101110110001011
1265,0x052ad5,001010010101011010101
1266,0x08c722,010001100011100100010
1267,0x04ba4d,001001011101001001101
1268,0x18e58a,110001110010110001010
1269,0x065c51,001100101110001010001
1270,0x09a9ae,010011010100110101110
1271,0x166515,101100110010100010101
1272,0x0dbae3,011011011101011100011
1273,0x022755,000100010011101010101
1274,0x1cb9ce,111001011100111001110
1275,0x0b1637,010110001011000110111
1276,0x146acc,101000110101011001100
1277,0x0e9726,011101001011100100110
1278,0x0358b9,000110101100010111001
1279,0x0cb357,011001011001101010111
1280,0x1966a4,110010110011010100100
1281,0x0e9b9b,011101001101110011011
1282,0x152d6c,101010010110101101100
1283,0x0ed2b1,011101101001010110001
1284,0x192e5a,110010010111001011010
1285,0x0eedac,011101110110110101100
1286,0x1112ce,100010001001011001110
1287,0x0c6b13,011000110101100010011
1288,0x1b5666,110110101011001100110
1289,0x14b991,101001011100110010001
1290,0x0d224c,011010010001001001100
1291,0x15d971,101011101100101110001
1292,0x0b74da,010110111010011011010
1293,0x16eda4,101101110110110100100
1294,0x0d4ad3,011010100101011010011
1295,0x19b72e,110011011011100101110
1296,0x0c5dc9,011000101110111001001
1297,0x11a534,100011010010100110100
1298,0x0762e9,001110110001011101001
1299,0x08ad26,010001010110100100110
1300,0x077695,001110111011010010101
1301,0x1a9b6a,110101001101101101010
1302,0x05a397,001011010001110010111
1303,0x125948,100100101100101001000
1304,0x05b536,001011011010100110110
1305,0x095ac9,010010101101011001001
1306,0x172712,101110010011100010010
1307,0x0296ed,000101001011011101101
1308,0x0dad12,011011010110100010010
1309,0x02324d,000100011001001001101
1310,0x1d1d9c,111010001110110011100
1311,0x02a72b,000101010011100101011
1312,0x155ad4,101010101101011010100
1313,0x0b292e,010110010100100101110
1314,0x12b75d,100101011011101011101
1315,0x056ae6,001010110101011100110
1316,0x12b1b1,100101011000110110001
1317,0x0d2446,011010010010001000110
1318,0x05dd3b,001011101110100111011
1319,0x1bb226,110111011001000100110
1320,0x066d4d,001100110110101001101
1321,0x1dd712,111011101011100010010
1322,0x06b1cd,001101011000111001101
1323,0x144ba3,101000100101110100011
1324,0x03b6db,000111011011011011011
1325,0x1ad964,110101101100101100100
1326,0x053a96,001010011101010010110
1327,0x1ab5c8,110101011010111001000
1328,0x05ca3b,001011100101000111011
1329,0x0a54e4,010100101010011100100
1330,0x1ca358,111001010001101011000
1331,0x065d17,001100101110100010111
1332,0x199adc,110011001101011011100
1333,0x167572,101100111010101110010
1334,0x0d92cd,011011001001011001101
1335,0x18e972,110001110100101110010
1336,0x0e8e5d,011101000111001011101
1337,0x119173,100011001000101110011
1338,0x076cc5,001110110110011000101
1339,0x04951a,001001001010100011010
1340,0x1a2eb1,110100010111010110001
1341,0x0dd52e,011011101010100101110
1342,0x0aa994,010101010100110010100
1343,0x1444e8,101000100010011101000
1344,0x093995,010010011100110010101
1345,0x04573a,001000101011100111010
1346,0x0d8cd4,011011000110011010100
1347,0x0e51a3,011100101000110100011
1348,0x09aedc,010011010111011011100
1349,0x064633,001100100011000110011
1350,0x15b4c6,101011011010011000110
1351,0x0a3973,010100011100101110011
1352,0x0dcc9d,011011100110010011101
1353,0x0bb622,010111011011000100010
1354,0x1ccc5c,111001100110001011100
1355,0x073316,001110011001100010110
1356,0x0aae6d,010101010111001101101
1357,0x1491ca,101001001000111001010
1358,0x09cd15,010011100110100010101
1359,0x04b24a,001001011001001001010
1360,0x1b289d,110110010100010011101
1361,0x059273,001011001001001110011
1362,0x146cca,101000110110011001010
1363,0x133711,100110011011100010001
1364,0x1d496c,111010100100101101100
1365,0x0c96b3,011001001011010110011
1366,0x1ae26e,110101110001001101110
1367,0x0c5d91,011000101110110010001
1368,0x1abae6,110101011101011100110
1369,0x158d1d,101011000110100011101
1370,0x0476c6,001000111011011000110
1371,0x0ab95d,010101011100101011101
1372,0x115caa,100010101110010101010
1373,0x0ae395,010101110001110010101
1374,0x14744a,101000111010001001010
1375,0x09c9b9,010011100100110111001
1376,0x071457,001110001010001010111
1377,0x0c668a,011000110011010001010
1378,0x1139dc,100010011100111011100
1379,0x0c7677,011000111011001110111
1380,0x1948a8,110010100100010101000
1381,0x12aa56,100101010101001010110
1382,0x0e53a9,011100101001110101001
1383,0x154d76,101010100110101110110
1384,0x0e729d,011100111001010011101
1385,0x18a774,110001010011101110100
1386,0x0d5c9b,011010101110010011011
1387,0x18b525,110001011010100100101
1388,0x0362cb,000110110001011001011
1389,0x0d1d64,011010001110101100100
1390,0x04e98b,001001110100110001011
1391,0x0b466e,010110100011001101110
1392,0x0cb191,011001011000110010001
1393,0x16d6ea,101101101011011101010
1394,0x092b44,010010010101101000100
1395,0x16b4a8,101101011010010101000
1396,0x09734b,010010111001101001011
1397,0x04c495,001001100010010010101
1398,0x0b3b2b,010110011101100101011
1399,0x1cc994,111001100100110010100
1400,0x09b529,010011011010100101001
1401,0x165adc,101100101101011011100
1402,0x09a549,010011010010101001001
1403,0x0452c7,001000101001011000111
1404,0x198c58,110011000110001011000
1405,0x0c7167,011000111000101100111
1406,0x13ae93,100111010111010010011
1407,0x0cb965,011001011100101100101
1408,0x152298,101010010001010011000
1409,0x0a5975,010100101100101110101
1410,0x14a68c,101001010011010001100
1411,0x136b31,100110110101100110001
1412,0x0ec4d2,011101100010011010010
1413,0x1569a5,101010110100110100101
1414,0x06b33a,001101011001100111010
1415,0x08cdcd,010001100110111001101
1416,0x073333,001110011001100110011
1417,0x11ac54,100011010110001010100
1418,0x04d523,001001101010100100011
1419,0x18b2a8,110001011001010101000
1420,0x064553,001100100010101010011
1421,0x0b9aa2,010111001101010100010
1422,0x05669d,001010110011010011101
1423,0x168928,101101000100100101000
1424,0x1a56dd,110100101011011011101
1425,0x0dba2a,011011011101000101010
1426,0x115711,100010101011100010001
1427,0x08eb6a,010001110101101101010
1428,0x0638d5,001100011100011010101
1429,0x19c9ba,110011100100110111010
1430,0x0ee665,011101110011001100101
1431,0x1199ba,100011001100110111010
1432,0x0e5c44,011100101110001000100
1433,0x14eb5b,101001110101101011011
1434,0x0945b6,010010100010110110110
1435,0x04ea6d,001001110101001101101
1436,0x199516,110011001010100010110
1437,0x056369,001010110001101101001
1438,0x0ecc53,011101100110001010011
1439,0x09352e,010010011010100101110
1440,0x04e251,001001110001001010001
1441,0x1151ce,100010101000111001110
1442,0x0e2239,011100010001000111001
1443,0x1199d1,100011001100111010001
1444,0x1a2a6e,110100010101001101110
1445,0x149691,101001001011010010001
1446,0x1b4b64,110110100101101100100
1447,0x14b4eb,101001011010011101011
1448,0x09c954,010011100100101010100
1449,0x16729c,101100111001010011100
1450,0x0cc927,011001100100100100111
1451,0x111598,100010001010110011000
1452,0x08eb55,010001110101101010101
1453,0x15b63b,101011011011000111011
1454,0x0c68ec,011000110100011101100
1455,0x169d29,101101001110100101001
1456,0x19c654,110011100011001010100
1457,0x0cd98b,011001101100110001011
1458,0x036239,000110110001000111001
1459,0x0a974e,010101001011101001110
1460,0x14a8b1,101001010100010110001
1461,0x0e575c,011100101011101011100
1462,0x09b8cb,010011011100011001011
1463,0x147756,101000111011101010110
1464,0x0b4ca3,010110100110010100011
1465,0x14db6c,101001101101101101100
1466,0x19a511,110011010010100010001
1467,0x065da6,001100101110110100110
1468,0x11a649,100011010011001001001
1469,0x0eedb2,011101110110110110010
1470,0x11ba65,100011011101001100101
1471,0x1d4ed2,111010100111011010010
1472,0x0aa58d,010101010010110001101
1473,0x114a6a,100010100101001101010
1474,0x0eadc7,011101010110111000111
1475,0x145b1b,101000101101100011011
1476,0x09acb5,010011010110010110101
1477,0x065162,001100101000101100010
1478,0x0d8c59,011011000110001011001
1479,0x12eb23,100101110101100100011
1480,0x0d5cd4,011010101110011010100
1481,0x062729,001100010011100101001
1482,0x18da9a,110001101101010011010
1483,0x057546,001010111010101000110
1484,0x128db9,100101000110110111001
1485,0x09126a,010010001001001101010
1486,0x17648d,101110110010010001101
1487,0x0cb171,011001011000101110001
1488,0x03728d,000110111001010001101
1489,0x199531,110011001010100110001
1490,0x0676cb,001100111011011001011
1491,0x1bb95c,110111011100101011100
1492,0x05c6ab,001011100011010101011
1493,0x1a9d4d,110101001110101001101
1494,0x04eeba,001001110111010111010
1495,0x171375,101110001001101110101
1496,0x0a948a,010101001010010001010
1497,0x165a53,101100101101001010011
1498,0x0935cb,010010011010111001011
1499,0x164b14,101100100101100010100
1500,0x0975ab,010010111010110101011
1501,0x14cee4,101001100111011100100
1502,0x0a235d,010100010001101011101
1503,0x1db6e2,111011011011011100010
1504,0x125b71,100100101101101110001
1505,0x0d2ec9,011010010111011001001
1506,0x1a45b2,110100100010110110010
1507,0x053acd,001010011101011001101
1508,0x16652e,101100110010100101110
1509,0x0398b1,000111001100010110001
1510,0x0c6774,011000110011101110100
1511,0x134e8b,100110100111010001011
1512,0x09b1c4,010011011000111000100
1513,0x1672b1,101100111001010110001
1514,0x09dd4c,010011101110101001100
1515,0x1ca8b2,111001010100010110010
1516,0x12356c,100100011010101101100
1517,0x0ec8aa,011101100100010101010
1518,0x1312d1,100110001001011010001
1519,0x0adc6a,010101101110001101010
1520,0x15cba4,101011100101110100100
1521,0x0a9652,010101001011001010010
1522,0x056e2d,001010110111000101101
1523,0x1ad1d5,110101101000111010101
1524,0x05b6e9,001011011011011101001
1525,0x1a29a6,110100010100110100110
1526,0x0d7631,011010111011000110001
1527,0x12e38b,100101110001110001011
1528,0x049c65,001001001110001100101
1529,0x1b22ea,110110010001011101010
1530,0x165d14,101100101110100010100
1531,0x0989ad,010011000100110101101
1532,0x07345a,001110011010001011010
1533,0x188aa6,110001000101010100110
1534,0x072d73,001110010110101110011
1535,0x1492a9,101001001001010101001
1536,0x1bae46,110111010111001000110
1537,0x04b599,001001011010110011001
1538,0x1b2a44,110110010101001000100
1539,0x16e938,101101110100100111000
1540,0x08b456,010001011010001010110
1541,0x1758b5,101110101100010110101
1542,0x0cb95a,011001011100101011010
1543,0x114724,100010100011100100100
1544,0x0daa5d,011011010101001011101
1545,0x1464c6,101000110010011000110
1546,0x0e5b63,011100101101101100011
1547,0x02acb5,000101010110010110101
1548,0x1d774c,111010111011101001100
1549,0x088ca3,010001000110010100011
1550,0x14712c,101000111000100101100
1551,0x0cae57,011001010111001010111
1552,0x15392d,101010011100100101101
1553,0x0c4cd1,011000100110011010001
1554,0x12266c,100100010011001101100
1555,0x0d1b12,011010001101100010010
1556,0x0ae6ad,010101110011010101101
1557,0x1d299a,111010010100110011010
1558,0x067747,001100111011101000111
1559,0x116ca8,100010110110010101000
1560,0x1ab251,110101011001001010001
1561,0x1d64ec,111010110010011101100
1562,0x139b33,100111001101100110011
1563,0x0c655c,011000110010101011100
1564,0x118a31,100011000101000110001
1565,0x0c69d9,011000110100111011001
1566,0x08d4ee,010001101010011101110
1567,0x16bb94,101101011101110010100
1568,0x0cc531,011001100010100110001
1569,0x123b66,100100011101101100110
1570,0x048c5b,001001000110001011011
1571,0x1bb1ad,110111011000110101101
1572,0x0c5a53,011000101101001010011
1573,0x1635ca,101100011010111001010
1574,0x0d6234,011010110001000110100
1575,0x0a9cd3,010101001110011010011
1576,0x1173ad,100010111001110101101
1577,0x089c5a,010001001110001011010
1578,0x11731d,100010111001100011101
1579,0x066ee6,001100110111011100110
1580,0x191339,110010001001100111001
1581,0x066a46,001100110101001000110
1582,0x0d3131,011010011000100110001
1583,0x09ccce,010011100110011001110
1584,0x06aa37,001101010101000110111
1585,0x1d35c6,111010011010111000110
1586,0x029b99,000101001101110011001
1587,0x157772,101010111011101110010
1588,0x0ad9c4,010101101100111000100
1589,0x136dab,100110110110110101011
1590,0x0c725d,011000111001001011101
1591,0x129589,100101001010110001001
1592,0x1c6ae6,111000110101011100110
1593,0x099769,010011001011101101001
1594,0x1c69d4,111000110100111010100
1595,0x08b26b,010001011001001101011
1596,0x15dd15,101011101110100010101
1597,0x0ac4ec,010101100010011101100
1598,0x1daa52,111011010101001010010
1599,0x17538b,101110101001110001011
1600,0x08ac51,010001010110001010001
1601,0x1cd72e,111001101011100101110
1602,0x162495,101100010010010010101
1603,0x0b9172,010111001000101110010
1604,0x056e5d,001010110111001011101
1605,0x0a59b2,010100101100110110010
1606,0x1192c9,100011001001011001001
1607,0x0e4966,011100100100101100110
1608,0x11b88b,100011011100010001011
1609,0x0cc6e4,011001100011011100100
1610,0x1b111a,110110001000100011010
1611,0x02a6c7,000101010011011000111
1612,0x1b7198,110110111000110011000
1613,0x0c9c76,011001001110001110110
1614,0x12e348,100101110001101001000
1615,0x0d8d33,011011000110100110011
1616,0x13128d,100110001001010001101
1617,0x08d562,010001101010101100010
1618,0x196b1d,110010110101100011101
1619,0x0e88a7,011101000100010100111
1620,0x027669,000100111011001101001
1621,0x091395,010010001001110010101
1622,0x1ceee8,111001110111011101000
1623,0x065116,001100101000100010110
1624,0x1d2628,111010010011000101000
1625,0x049935,001001001100100110101
1626,0x1b2448,110110010010001001000
1627,0x04db23,001001101101100100011
1628,0x0b8ddd,010111000110111011101
1629,0x17768a,101110111011010001010
1630,0x1a9535,110101001010100110101
1631,0x1d6cea,111010110110011101010
1632,0x09b371,010011011001101110001
1633,0x12298a,100100010100110001010
1634,0x0516e7,001010001011011100111
1635,0x1a4b39,110100100101100111001
1636,0x04a58a,001001010010110001010
1637,0x1b4ab4,110110100101010110100
1638,0x146553,101000110010101010011
1639,0x091aa5,010010001101010100101
1640,0x1ac658,110101100011001011000
1641,0x133325,100110011001100100101
1642,0x0cc4dc,011001100010011011100
1643,0x1729a9,101110010100110101001
1644,0x0ed376,011101101001101110110
1645,0x14aca9,101001010110010101001
1646,0x1bba54,110111011101001010100
1647,0x0c6519,011000110010100011001
1648,0x159c64,101011001110001100100
1649,0x08a3a9,010001010001110101001
1650,0x1b5474,110110101010001110100
1651,0x128a93,100101000101010010011
1652,0x1d3b64,111010011101101100100
1653,0x05445b,001010100010001011011
1654,0x0abba2,010101011101110100010
1655,0x1b4d5d,110110100110101011101
1656,0x08eaee,010001110101011101110
1657,0x15b588,101011011010110001000
1658,0x0e9a35,011101001101000110101
1659,0x09264e,010010010011001001110
1660,0x065bb1,001100101101110110001
1661,0x0ba2ce,010111010001011001110
1662,0x02dc71,000101101110001110001
1663,0x1922cc,110010010001011001100
1664,0x0cdb62,011001101101101100010
1665,0x176591,101110110010110010001
1666,0x0adb24,010101101101100100100
1667,0x07264a,001110010011001001010
1668,0x1a9124,110101001000100100100
1669,0x136ad8,100110110101011011000
1670,0x09c62d,010011100011000101101
1671,0x133162,100110011000101100010
1672,0x0cddcc,011001101110111001100
1673,0x032a75,000110010101001110101
1674,0x1d7588,111010111010110001000
1675,0x0a8965,010101000100101100101
1676,0x1272b6,100100111001010110110
1677,0x1dcd48,111011100110101001000
1678,0x0b32b4,010110011001010110100
1679,0x14ca5a,101001100101001011010
1680,0x0ba595,010111010010110010101
1681,0x1d5ac8,111010101101011001000
1682,0x12e516,100101110010100010110
1683,0x05d349,001011101001101001001
1684,0x1aa696,110101010011010010110
1685,0x159d23,101011001110100100011
1686,0x023a9d,000100011101010011101
1687,0x1554e5,101010101010011100101
1688,0x02cb3b,000101100101100111011
1689,0x1996ec,110011001011011101100
1690,0x0368a3,000110110100010100011
1691,0x1cba5a,111001011101001011010
1692,0x171dae,101110001110110101110
1693,0x08a253,010001010001001010011
1694,0x13756a,100110111010101101010
1695,0x1a8995,110101000100110010101
1696,0x06646e,001100110010001101110
1697,0x13abb9,100111010101110111001
1698,0x063447,001100011010001000111
1699,0x1b93ae,110111001001110101110
1700,0x14ec75,101001110110001110101
1701,0x0a238a,010100010001110001010
1702,0x111ddd,100010001110111011101
1703,0x069669,001101001011001101001
1704,0x1d89d6,111011000100111010110
1705,0x1a274d,110100010011101001101
1706,0x1ddc94,111011101110010010100
1707,0x064b1b,001100100101100011011
1708,0x11946e,100011001010001101110
1709,0x06cbb9,001101100101110111001
1710,0x19388e,110010011100010001110
1711,0x0eed69,011101110110101101001
1712,0x11b336,100011011001100110110
1713,0x0a58d3,010100101100011010011
1714,0x0da4ad,011011010010010101101
1715,0x195952,110010101100101010010
1716,0x08ae25,010001010111000100101
1717,0x1255ba,100100101010110111010
1718,0x1daac4,111011010101011000100
1719,0x0e7523,011100111010100100011
1720,0x15badc,101011011101011011100
1721,0x0a3475,010100011010001110101
1722,0x15c588,101011100010110001000
1723,0x02b651,000101011011001010001
1724,0x0dd8a2,011011101100010100010
1725,0x1a2b45,110100010101101000101
1726,0x053689,001010011011010001001
1727,0x08db14,010001101101100010100
1728,0x1325b2,100110010010110110010
1729,0x18d2cd,110001101001011001101
1730,0x05a773,001011010011101110011
1731,0x0a529c,010100101001010011100
1732,0x15aa73,101011010101001110011
1733,0x12748d,100100111010010001101
1734,0x11a952,100011010100101010010
1735,0x0d1635,011010001011000110101
1736,0x112d6b,100010010110101101011
1737,0x09d2b5,010011101001010110101
1738,0x1a2dc9,110100010110111001001
1739,0x04e325,001001110001100100101
1740,0x1b36d1,110110011011011010001
1741,0x0cada7,011001010110110100111
1742,0x172358,101110010001101011000
1743,0x0ac922,010101100100100100010
1744,0x0d3659,011010011011001011001
1745,0x069da2,001101001110110100010
1746,0x192645,110010010011001000101
1747,0x16cb18,101101100101100011000
1748,0x192456,110010010010001010110
1749,0x06b39d,001101011001110011101
1750,0x1348e3,100110100100011100011
1751,0x089735,010001001011100110101
1752,0x152959,101010010100101011001
1753,0x1b53b4,110110101001110110100
1754,0x0cad29,011001010110100101001
1755,0x1514d3,101010001010011010011
1756,0x0a4931,010100100100100110001
1757,0x04a6ab,001001010011010101011
1758,0x0b55cc,010110101010111001100
1759,0x0cee37,011001110111000110111
1760,0x1631d9,101100011000111011001
1761,0x0b668c,010110110011010001100
1762,0x12b92b,100101011100100101011
1763,0x0c6ad5,011000110101011010101
1764,0x1ad4ea,110101101010011101010
1765,0x1d3234,111010011001000110100
1766,0x0389d1,000111000100111010001
1767,0x1c663a,111000110011000111010
1768,0x0bb8a6,010111011100010100110
1769,0x0c4d59,011000100110101011001
1770,0x0a39c6,010100011100111000110
1771,0x146635,101000110011000110101
1772,0x0a88ee,010101000100011101110
1773,0x0d5311,011010101001100010001
1774,0x0a2ece,010100010111011001110
1775,0x117565,100010111010101100101
1776,0x0c5a99,011000101101010011001
1777,0x19636a,110010110001101101010
1778,0x1cb494,111001011010010010100
1779,0x065a4d,001100101101001001101
1780,0x112332,100010010001100110010
1781,0x068c4e,001101000110001001110
1782,0x056271,001010110001001110001
1783,0x0b959a,010111001010110011010
1784,0x16cb55,101101100101101010101
1785,0x0a351a,010100011010100011010
1786,0x119c6d,100011001110001101101
1787,0x0e7515,011100111010100010101
1788,0x152ba6,101010010101110100110
1789,0x0bac59,010111010110001011001
1790,0x17476e,101110100011101101110
1791,0x09dabb,010011101101010111011
1792,0x163946,101100011100101000110
1793,0x19a4ed,110011010010011101101
1794,0x171912,101110001100100010010
1795,0x0ae2ae,010101110001010101110
1796,0x15935d,101011001001101011101
1797,0x02ad37,000101010110100110111
1798,0x11d4e8,100011101010011101000
1799,0x076b19,001110110101100011001
1800,0x1c95a8,111001001010110101000
1801,0x126e4e,100100110111001001110
1802,0x1594bb,101011001010010111011
1803,0x0a3965,010100011100101100101
1804,0x0dcc5a,011011100110001011010
1805,0x1631ab,101100011000110101011
1806,0x0ce514,011001110010100010100
1807,0x175c6b,101110101110001101011
1808,0x18b589,110001011010110001001
1809,0x0b5b32,010110101101100110010
1810,0x16248b,101100010010010001011
1811,0x08eb29,010001110101100101001
1812,0x12975a,100101001011101011010
1813,0x0b18b5,010110001100010110101
1814,0x14671a,101000110011100011010
1815,0x0e9ae9,011101001101011101001
1816,0x15658c,101010110010110001100
1817,0x1aae3a,110101010111000111010
1818,0x0b58c7,010110101100011000111
1819,0x162569,101100010010101101001
1820,0x04c8ba,001001100100010111010
1821,0x1965c5,110010110010111000101
1822,0x16ea31,101101110101000110001
1823,0x0d375c,011010011011101011100
1824,0x11ca22,100011100101000100010
1825,0x0225dd,000100010010111011101
1826,0x09dd2a,010011101110100101010
1827,0x172634,101110010011000110100
1828,0x11c9c8,100011100100111001000
1829,0x0eb2a7,011101011001010100111
1830,0x1c6d88,111000110110110001000
1831,0x13b6a3,100111011011010100011
1832,0x046d1d,001000110110100011101
1833,0x0712e2,001110001001011100010
1834,0x0ce911,011001110100100010001
1835,0x05466a,001010100011001101010
1836,0x1a6989,110100110100110001001
1837,0x1c8a76,111001000101001110110
1838,0x123549,100100011010101001001
1839,0x0c48b6,011000100100010110110
1840,0x1ab159,110101011000101011001
1841,0x0d4723,011010100011100100011
1842,0x1a2d9c,110100010110110011100
1843,0x15ce4b,101011100111001001011
1844,0x0ab2b5,010101011001010110101
1845,0x1c8dd2,111001000110111010010
1846,0x115a39,100010101101000111001
1847,0x0e8ec4,011101000111011000100
1848,0x197538,110010111010100111000
1849,0x0a8e95,010101000111010010101
1850,0x13533a,100110101001100111010
1851,0x0cc5c5,011001100010111000101
1852,0x113ab5,100010011101010110101
1853,0x16c74c,101101100011101001100
1854,0x09b933,010011011100100110011
1855,0x16e2e4,101101110001011100100
1856,0x09194e,010010001100101001110
1857,0x14d739,101001101011100111001
1858,0x1b6aec,110110110101011101100
1859,0x02951d,000101001010100011101
1860,0x0b6262,010110110001001100010
1861,0x16cd93,101101100110110010011
1862,0x153968,101010011100101101000
1863,0x0ae2dd,010101110001011011101
1864,0x15ad8a,101011010110110001010
1865,0x1a3631,110100011011000110001
1866,0x04d38d,001001101001110001101
1867,0x0b2a51,010110010101001010001
1868,0x04e5ae,001001110010110101110
1869,0x134cd1,100110100110011010001
1870,0x0ca2aa,011001010001010101010
1871,0x12c54d,100101100010101001101
1872,0x0d28ba,011010010100010111010
1873,0x16db63,101101101101101100011
1874,0x09b89d,010011011100010011101
1875,0x168973,101101000100101110011
1876,0x0a4eed,010100100111011101101
1877,0x0715ba,001110001010110111010
1878,0x1ce44c,111001110010001001100
1879,0x0b5da2,010110101110110100010
1880,0x14ba89,101001011101010001001
1881,0x0a4d5a,010100100110101011010
1882,0x0da6a7,011011010011010100111
1883,0x0451ca,001000101000111001010
1884,0x06ed25,001101110110100100101
1885,0x0d1249,011010001001001001001
1886,0x12d1b4,100101101000110110100
1887,0x05671b,001010110011100011011
1888,0x0adca6,010101101110010100110
1889,0x057711,001010111011100010001
1890,0x122cc6,100100010110011000110
1891,0x19c519,110011100010100011001
1892,0x04bab6,001001011101010110110
1893,0x064ce9,001100100110011101001
1894,0x08b71a,010001011011100011010
1895,0x058aa5,001011000101010100101
1896,0x1ad572,110101101010101110010
1897,0x05aa4b,001011010101001001011
1898,0x1246d6,100100100011011010110
1899,0x1129b9,100010010100110111001
1900,0x08d347,010001101001101000111
1901,0x165c8c,101100101110010001100
1902,0x02a373,000101010001101110011
1903,0x089dac,010001001110110101100
1904,0x11625b,100010110001001011011
1905,0x0c89b6,011001000100110110110
1906,0x126a29,100100110101000101001
1907,0x0d9473,011011001010001110011
1908,0x1a331c,110100011001100011100
1909,0x05cd37,001011100110100110111
1910,0x0aa6e2,010101010011011100010
1911,0x0511cd,001010001000111001101
1912,0x0b6913,010110110100100010011
1913,0x0cb2e9,011001011001011101001
1914,0x09c696,010011100011010010110
1915,0x06b16b,001101011000101101011
1916,0x1b16b4,110110001011010110100
1917,0x056d6d,001010110110101101101
1918,0x0ad2a2,010101101001010100010
1919,0x05a56d,001011010010101101101
1920,0x18dad5,110001101101011010101
1921,0x0d64ba,011010110010010111010
1922,0x1293a5,100101001001110100101
1923,0x0d6a57,011010110101001010111
1924,0x0ac5bb,010101100010110111011
1925,0x1db668,111011011011001101000
1926,0x1291d2,100101001000111010010
1927,0x154a31,101010100101000110001
1928,0x08b19c,010001011000110011100
1929,0x132625,100110010011000100101
1930,0x1c4b5c,111000100101101011100
1931,0x1bb4b6,110111011010010110110
1932,0x14c968,101001100100101101000
1933,0x0e34e7,011100011010011100111
1934,0x0d475a,011010100011101011010
1935,0x03aa97,000111010101010010111
1936,0x1d55cc,111010101010111001100
1937,0x0b2477,010110010010001110111
1938,0x067349,001100111001101001001
1939,0x199c9a,110011001110010011010
1940,0x022b49,000100010101101001001
1941,0x0cd4b5,011001101010010110101
1942,0x1b6d52,110110110110101010010
1943,0x1193ad,100011001001110101101
1944,0x0a4cb6,010100100110010110110
1945,0x06a38a,001101010001110001010
1946,0x139d55,100111001110101010101
1947,0x1da6aa,111011010011010101010
1948,0x125c5c,100100101110001011100
1949,0x0d2eb2,011010010111010110010
1950,0x0351c9,000110101000111001001
1951,0x0ceb74,011001110101101110100
1952,0x031d2b,000110001110100101011
1953,0x147658,101000111011001011000
1954,0x0e8d67,011101000110101100111
1955,0x17319a,101110011000110011010
1956,0x099c6b,010011001110001101011
1957,0x1629b6,101100010100110110110
1958,0x0dc5db,011011100010111011011
1959,0x1932a4,110010011001010100100
1960,0x02d5db,000101101010111011011
1961,0x092a34,010010010101000110100
1962,0x0292cb,000101001001011001011
1963,0x1b6d95,110110110110110010101
1964,0x0c93aa,011001001001110101010
1965,0x114dcd,100010100110111001101
1966,0x06e62a,001101110011000101010
1967,0x19b176,110011011000101110110
1968,0x1468c9,101000110100011001001
1969,0x0e9394,011101001001110010100
1970,0x0974ea,010010111010011101010
1971,0x1223b4,100100010001110110100
1972,0x0dda56,011011101101001010110
1973,0x1aa4cd,110101010010011001101
1974,0x05cb62,001011100101101100010
1975,0x1a6c88,110100110110010001000
1976,0x15a576,101011010010101110110
1977,0x0ed2cd,011101101001011001101
1978,0x1545a2,101010100010110100010
1979,0x169c55,101101001110001010101
1980,0x0963b6,010010110001110110110
1981,0x163459,101100011010001011001
1982,0x04c8a6,001001100100010100110
1983,0x1d3518,111010011010100011000
1984,0x04e26e,001001110001001101110
1985,0x0938b1,010010011100010110001
1986,0x14c55a,101001100010101011010
1987,0x0b9a2d,010111001101000101101
1988,0x0555d2,001010101010111010010
1989,0x1728ac,101110010100010101100
1990,0x145693,101000101011010010011
1991,0x11acc8,100011010110011001000
1992,0x0e9b22,011101001101100100010
1993,0x1955dd,110010101010111011101
1994,0x15a8ea,101011010100011101010
1995,0x074511,001110100010100010001
1996,0x199ca2,110011001110010100010
1997,0x047559,001000111010101011001
1998,0x13ace2,100111010110011100010
1999,0x145b16,101000101101100010110
2000,0x0aecb9,010101110110010111001
2001,0x1c91a6,111001001000110100110
2002,0x0b7652,010110111011001010010
2003,0x1693b9,101101001001110111001
2004,0x096c65,010010110110001100101
2005,0x058b1b,001011000101100011011
2006,0x1265c6,100100110010111000110
2007,0x089a9d,010001001101010011101
2008,0x1a7562,110100111010101100010
2009,0x0ec8cd,011101100100011001101
2010,0x117652,100010111011001010010
2011,0x0c9da6,011001001110110100110
2012,0x1348c9,100110100100011001001
2013,0x0e25a6,011100010010110100110
2014,0x11d371,100011101001101110001
2015,0x16ed8e,101101110110110001110
2016,0x091623,010010001011000100011
2017,0x06cb8d,001101100101110001101
2018,0x1b1371,110110001001101110001
2019,0x0cedc6,011001110110111000110
2020,0x193731,110010011011100110001
2021,0x14daae,101001101101010101110
2022,0x032d91,000110010110110010001
2023,0x1c5476,111000101010001110110
2024,0x03739b,000110111001110011011
2025,0x1ddc46,111011101110001000110
2026,0x0733ad,001110011001110101101
2027,0x04ee56,001001110111001010110
2028,0x171568,101110001010101101000
2029,0x0b6e33,010110110111000110011
2030,0x1475cc,101000111010111001100
2031,0x091b31,010010001101100110001
2032,0x166c4b,101100110110001001011
2033,0x0925b4,010010010010110110100
2034,0x0672e3,001100111001011100011
2035,0x18e51c,110001110010100011100
2036,0x0d98eb,011011001100011101011
2037,0x027445,000100111010001000101
2038,0x0dcd8b,011011100110110001011
2039,0x133a46,100110011101001000110
2040,0x0ca595,011001010010110010101
2041,0x1b4c48,110110100110001001000
2042,0x162373,101100010001101110011
2043,0x18d8ae,110001101100010101110
2044,0x0ea5d4,011101010010111010100
2045,0x055da3,001010101110110100011
2046,0x14a2d9,101001010001011011001
2047,0x1b3136,110110011000100110110
2048,0x165cb9,101100101110010111001
2049,0x1ab166,110101011000101100110
2050,0x05769a,001010111011010011010
2051,0x0e996d,011101001100101101101
2052,0x094eda,010010100111011011010
2053,0x14b724,101001011011100100100
2054,0x136dda,100110110110111011010
2055,0x0cb464,011001011010001100100
2056,0x0b1b5b,010110001101101011011
2057,0x11ada6,100011010110110100110
2058,0x0e5c52,011100101110001010010
2059,0x14a629,101001010011000101001
2060,0x0ad892,010101101100010010010
2061,0x0375cd,000110111010111001101
2062,0x12a932,100101010100100110010
2063,0x1dc6dc,111011100011011011100
2064,0x0a314b,010100011000101001011
2065,0x154ca4,101010100110010100100
2066,0x02db4b,000101101101101001011
2067,0x0c7694,011000111011010010100
2068,0x1a8caa,110101000110010101010
2069,0x0c5394,011000101001110010100
2070,0x0bb46b,010111011010001101011
2071,0x156b8c,101010110101110001100
2072,0x08c4e7,010001100010011100111
2073,0x16271b,101100010011100011011
2074,0x0ad145,010101101000101000101
2075,0x15a238,101011010001000111000
2076,0x1c5d44,111000101110101000100
2077,0x0eb3ab,011101011001110101011
2078,0x159cb4,101011001110010110100
2079,0x0ee333,011101110001100110011
2080,0x1d2c48,111010010110001001000
2081,0x139b76,100111001101101110110
2082,0x0968ab,010010110100010101011
2083,0x1494d6,101001001010011010110
2084,0x1a6d2a,110100110110100101010
2085,0x0332e5,000110011001011100101
2086,0x1ca918,111001010100100011000
2087,0x131a65,100110001101001100101
2088,0x0ac4aa,010101100010010101010
2089,0x063167,001100011000101100111
2090,0x1a8ed9,110101000111011011001
2091,0x1459a6,101000101100110100110
2092,0x0ab693,010101011011010010011
2093,0x11cd6c,100011100110101101100
2094,0x177193,101110111000110010011
2095,0x088b2c,010001000101100101100
2096,0x1744bb,101110100010010111011
2097,0x1aea45,110101110101001000101
2098,0x05598a,001010101100110001010
2099,0x16a4e5,101101010010011100101
2100,0x0acb8e,010101100101110001110
2101,0x0cb451,011001011010001010001
2102,0x125b23,100100101101100100011
2103,0x1326cc,100110010011011001100
2104,0x0999ab,010011001100110101011
2105,0x16e26d,101101110001001101101
2106,0x0d18d6,011010001100011010110
2107,0x03a5a3,000111010010110100011
2108,0x0e3a2c,011100011101000101100
2109,0x15c75b,101011100011101011011
2110,0x1ab88e,110101011100010001110
2111,0x0dce36,011011100111000110110
2112,0x1372cc,100110111001011001100
2113,0x0d8cb1,011011000110010110001
2114,0x13744c,100110111010001001100
2115,0x0a8d33,010101000110100110011
2116,0x125698,100100101011010011000
2117,0x0cac67,011001010110001100111
2118,0x163314,101100011001100010100
2119,0x0a5c4b,010100101110001001011
2120,0x1913b6,110010001001110110110
2121,0x0e64eb,011100110010011101011
2122,0x039b17,000111001101100010111
2123,0x1d65ca,111010110010111001010
2124,0x169ca4,101101001110010100100
2125,0x0b2273,010110010001001110011
2126,0x1dd5ca,111011101010111001010
2127,0x0e2b35,011100010101100110101
2128,0x19754e,110010111010101001110
2129,0x0c9cb9,011001001110010111001
2130,0x166b64,101100110101101100100
2131,0x0971ba,010010111000110111010
2132,0x167664,101100111011001100100
2133,0x0ad997,010101101100110010111
2134,0x177232,101110111001000110010
2135,0x0ced5d,011001110110101011101
2136,0x07532b,001110101001100101011
2137,0x0a24cc,010100010010011001100
2138,0x15b9ab,101011011100110101011
2139,0x0a6557,010100110010101010111
2140,0x171ac9,101110001101011001001
2141,0x0ac573,010101100010101110011
2142,0x04738e,001000111001110001110
2143,0x1b6451,110110110010001010001
2144,0x05b58b,001011011010110001011
2145,0x0b4a25,010110100101000100101
2146,0x04c5d1,001001100010111010001
2147,0x1a292d,110100010100100101101
2148,0x05ccd5,001011100110011010101
2149,0x18a226,110001010001000100110
2150,0x14d918,101001101100100011000
2151,0x0764a3,001110110010010100011
2152,0x188b8e,110001000101110001110
2153,0x0c7463,011000111010001100011
2154,0x1389b5,100111000100110110101
2155,0x15656a,101010110010101101010
2156,0x049a75,001001001101001110101
2157,0x0a6dae,010100110110110101110
2158,0x05aed2,001011010111011010010
2159,0x1acd4c,110101100110101001100
2160,0x0e2aeb,011100010101011101011
2161,0x1145d1,100010100010111010001
2162,0x08b8ac,010001011100010101100
2163,0x1d4d14,111010100110100010100
2164,0x049b6a,001001001101101101010
2165,0x1a6c92,110100110110010010010
2166,0x0d932d,011011001001100101101
2167,0x06c8d2,001101100100011010010
2168,0x1d3328,111010011001100101000
2169,0x069c56,001101001110001010110
2170,0x0d7169,011010111000101101001
2171,0x131cdc,100110001110011011100
2172,0x08933b,010001001001100111011
2173,0x1748c6,101110100100011000110
2174,0x1a3a59,110100011101001011001
2175,0x15a4ae,101011010010010101110
2176,0x0a9b12,010101001101100010010
2177,0x1c46ac,111000100011010101100
2178,0x04a992,001001010100110010010
2179,0x132374,100110010001101110100
2180,0x0cc68b,011001100011010001011
2181,0x112554,100010010010101010100
2182,0x0c4ab3,011000100101010110011
2183,0x1351c4,100110101000111000100
2184,0x0e2db3,011100010110110110011
2185,0x15994d,101011001100101001101
2186,0x196492,110010110010010010010
2187,0x06dd6e,001101101110101101110
2188,0x191892,110010001100010010010
2189,0x16e8ed,101101110100011101101
2190,0x077512,001110111010100010010
2191,0x12ea9d,100101110101010011101
2192,0x0518e3,001010001100011100011
2193,0x12e71a,100101110011100011010
2194,0x05d8a7,001011101100010100111
2195,0x1aa552,110101010010101010010
2196,0x15c92d,101011100100100101101
2197,0x0a8e8a,010101000111010001010
2198,0x1c5256,111000101001001010110
2199,0x02ad6b,000101010110101101011
2200,0x194ac6,110010100101011000110
2201,0x162919,101100010100100011001
2202,0x09144e,010010001010001001110
2203,0x04cb91,001001100101110010001
2204,0x191cae,110010001110010101110
2205,0x166b58,101100110101101011000
2206,0x092ca6,010010010110010100110
2207,0x15cb99,101011100101110011001
2208,0x0b5669,010110101011001101001
2209,0x0689ce,001101000100111001110
2210,0x15b6d3,101011011011011010011
2211,0x0ae224,010101110001000100100
2212,0x158d6b,101011000110101101011
2213,0x0e249c,011100010010010011100
2214,0x18db29,110001101101100101001
2215,0x032357,000110010001101010111
2216,0x14cda8,101001100110110101000
2217,0x0a2371,010100010001101110001
2218,0x11c8aa,100011100100010101010
2219,0x18b514,110001011010100010100
2220,0x176ea8,101110110111010101000
2221,0x19d475,110011101010001110101
2222,0x0e388b,011100011100010001011
2223,0x12a714,100101010011100010100
2224,0x051173,001010001000101110011
2225,0x1b2aae,110110010101010101110
2226,0x069511,001101001010100010001
2227,0x134ae4,100110100101011100100
2228,0x14e523,101001110010100100011
2229,0x0d969d,011011001011010011101
2230,0x1c6ad2,111000110101011010010
2231,0x13b515,100111011010100010101
2232,0x0d4e6b,011010100111001101011
2233,0x12a5b5,100101010010110110101
2234,0x1cd462,111001101010001100010
2235,0x172b9d,101110010101110011101
2236,0x0ed633,011101101011000110011
2237,0x1928d9,110010010100011011001
2238,0x071636,001110001011000110110
2239,0x1aed19,110101110110100011001
2240,0x1456ee,101000101011011101110
2241,0x02ed91,000101110110110010001
2242,0x1c92a2,111001001001010100010
2243,0x12294c,100100010100101001100
2244,0x0492b7,001001001001010110111
2245,0x1b4d66,110110100110101100110
2246,0x14d6cd,101001101011011001101
2247,0x136e22,100110110111000100010
2248,0x1c8eda,111001000111011011010
2249,0x065765,001100101011101100101
2250,0x112c91,100010010110010010001
2251,0x169768,101101001011101101000
2252,0x0b6691,010110110011010010001
2253,0x14a929,101001010100100101001
2254,0x026ed1,000100110111011010001
2255,0x1535ab,101010011010110101011
2256,0x02a8d5,000101010100011010101
2257,0x1a5468,110100101010001101000
2258,0x052b91,001010010101110010001
2259,0x0ab766,010101011011101100110
2260,0x17689b,101110110100010011011
2261,0x1ab32c,110101011001100101100
2262,0x1d4d52,111010100110101010010
2263,0x0eb234,011101011001000110100
2264,0x05cb5a,001011100101101011010
2265,0x0244b5,000100100010010110101
2266,0x14aa46,101001010101001000110
2267,0x0b46bb,010110100011010111011
2268,0x14ad96,101001010110110010110
2269,0x0d7765,011010111011101100101
2270,0x02acd3,000101010110011010011
2271,0x1d131a,111010001001100011010
2272,0x0eaced,011101010110011101101
2273,0x051196,001010001000110010110
2274,0x06ce49,001101100111001001001
2275,0x14b3b6,101001011001110110110
2276,0x0928cd,010010010100011001101
2277,0x164d52,101100100110101010010
2278,0x0d63a5,011010110001110100101
2279,0x1ad95a,110101101100101011010
2280,0x1762e5,101110110001011100101
2281,0x1ab49a,110101011010010011010
2282,0x051a55,001010001101001010101
2283,0x13a5ce,100111010010111001110
2284,0x18dc91,110001101110010010001
2285,0x13a2e6,100111010001011100110
2286,0x0e2d39,011100010110100111001
2287,0x0952c4,010010101001011000100
2288,0x1769d9,101110110100111011001
2289,0x18c66a,110001100011001101010
2290,0x173ab4,101110011101010110100
2291,0x02e757,000101110011101010111
2292,0x1dd488,111011101010010001000
2293,0x0a7357,010100111001101010111
2294,0x04aca2,001001010110010100010
2295,0x191175,110010001000101110101
2296,0x062c89,001100010110010001001
2297,0x198d74,110011000110101110100
2298,0x1732d3,101110011001011010011
2299,0x088d9c,010001000110110011100
2300,0x073b71,001110011101101110001
2301,0x19c8ad,110011100100010101101
2302,0x04b351,001001011001101010001
2303,0x1c5896,111000101100010010110
2304,0x1bad68,110111010110101101000
2305,0x057236,001010111001000110110
2306,0x14cae9,101001100101011101001
2307,0x1d7516,111010111010100010110
2308,0x072ecb,001110010111011001011
2309,0x12d632,100101101011000110010
2310,0x07675d,001110110011101011101
2311,0x0989b3,010011000100110110011
2312,0x16d248,101101101001001001000
2313,0x15acb6,101011010110010110110
2314,0x0b9b47,010111001101101000111
2315,0x0445aa,001000100010110101010
2316,0x031c45,000110001110001000101
2317,0x1ca5ae,111001010010110101110
2318,0x0a4e75,010100100111001110101
2319,0x16b44b,101101011010001001011
2320,0x18eaa4,110001110101010100100
2321,0x06944a,001101001010001001010
2322,0x136675,100110110011001110101
2323,0x0e99d6,011101001100111010110
2324,0x1176bb,100010111011010111011
2325,0x0aa971,010101010100101110001
2326,0x1726a3,101110010011010100011
2327,0x0c7376,011000111001101110110
2328,0x12488d,100100100100010001101
2329,0x045572,001000101010101110010
2330,0x093ac5,010010011101011000101
2331,0x069133,001101001000100110011
2332,0x132446,100110010010001000110
2333,0x0c4dab,011000100110110101011
2334,0x15b2c5,101011011001011000101
2335,0x0ae999,010101110100110011001
2336,0x059627,001011001011000100111
2337,0x0e6c99,011100110110010011001
2338,0x11d76a,100011101011101101010
2339,0x0ab9b1,010101011100110110001
2340,0x16cedc,101101100111011011100
2341,0x1d31a6,111010011000110100110
2342,0x08cc49,010001100110001001001
2343,0x16d3b6,101101101001110110110
2344,0x096669,010010110011001101001
2345,0x059956,001011001100101010110
2346,0x08a62b,010001010011000101011
2347,0x1658d6,101100101100011010110
2348,0x1b972c,110111001011100101100
2349,0x0474d2,001000111010011010010
2350,0x18b38c,110001011001110001100
2351,0x176c75,101110110110001110101
2352,0x18a34e,110001010001101001110
2353,0x111cd1,100010001110011010001
2354,0x06532d,001100101001100101101
2355,0x08ad92,010001010110110010010
2356,0x13376d,100110011011101101101
2357,0x19ddd2,110011101110111010010
2358,0x04aee7,001001010111011100111
2359,0x131991,100110001100110010001
2360,0x08ee76,010001110111001110110
2361,0x175515,101110101010100010101
2362,0x0e2e62,011100010111001100010
2363,0x0dd195,011011101000110010101
2364,0x111a4b,100010001101001001011
2365,0x0ee975,011101110100101110101
2366,0x1192e2,100011001001011100010
2367,0x0c6b1c,011000110101100011100
2368,0x0bb465,010111011010001100101
2369,0x14733a,101000111001100111010
2370,0x0da457,011011010010001010111
2371,0x131ab8,100110001101010111000
2372,0x0c4565,011000100010101100101
2373,0x11da59,100011101101001011001
2374,0x0d6d24,011010110110100100100
2375,0x04b2d3,001001011001011010011
2376,0x1b9d29,110111001110100101001
2377,0x0c72da,011000111001011011010
2378,0x058e35,001011000111000110101
2379,0x0e3b4a,011100011101101001010
2380,0x1174a5,100010111010010100101
2381,0x06db53,001101101101101010011
2382,0x096e26,010010110111000100110
2383,0x14896d,101001000100101101101
2384,0x07775a,001110111011101011010
2385,0x1a9cb4,110101001110010110100
2386,0x04622b,001000110001000101011
2387,0x08b4b5,010001011010010110101
2388,0x145a63,101000101101001100011
2389,0x0a911a,010101001000100011010
2390,0x054ea7,001010100111010100111
2391,0x1a3948,110100011100101001000
2392,0x05d6a5,001011101011010100101
2393,0x1ac916,110101100100100010110
2394,0x0e3569,011100011010101101001
2395,0x09caa6,010011100101010100110
2396,0x071739,001110001011100111001
2397,0x18cc8e,110001100110010001110
2398,0x163133,101100011000100110011
2399,0x18c5dc,110001100010111011100
2400,0x036a67,000110110101001100111
2401,0x14bb92,101001011101110010010
2402,0x09c56e,010011100010101101110
2403,0x15bab9,101011011101010111001
2404,0x1945d6,110010100010111010110
2405,0x16932d,101101001001100101101
2406,0x0d6593,011010110010110010011
2407,0x12da2c,100101101101000101100
2408,0x0d39d3,011010011100111010011
2409,0x12ce31,100101100111000110001
2410,0x05b4ee,001011011010011101110
2411,0x1a6736,110100110011100110110
2412,0x05acc7,001011010110011000111
2413,0x18dbaa,110001101101110101010
2414,0x153695,101010011011010010101
2415,0x09d163,010011101000101100011
2416,0x12258d,100100010010110001101
2417,0x0dbab2,011011011101010110010
2418,0x12ddcb,100101101110111001011
2419,0x091236,010010001001000110110
2420,0x122ed9,100100010111011011001
2421,0x0d95b5,011011001010110110101
2422,0x12dae8,100101101101011101000
2423,0x052db5,001010010110110110101
2424,0x18ba62,110001011101001100010
2425,0x174cb1,101110100110010110001
2426,0x18e744,110001110011101000100
2427,0x064cb3,001100100110010110011
2428,0x19954d,110011001010101001101
2429,0x146622,101000110011000100010
2430,0x199295,110011001001010010101
2431,0x0c4e2a,011000100111000101010
2432,0x133b94,100110011101110010100
2433,0x1446ab,101000100011010101011
2434,0x09a5d2,010011010010111010010
2435,0x1c4b24,111000100101100100100
2436,0x023553,000100011010101010011
2437,0x15c66d,101011100011001101101
2438,0x1b28a2,110110010100010100010
2439,0x04d635,001001101011000110101
2440,0x1238ec,100100011100011101100
2441,0x04e733,001001110011100110011
2442,0x1b3ac9,110110011101011001001
2443,0x114756,100010100011101010110
2444,0x0d328b,011010011001010001011
2445,0x135d96,100110101110110010110
2446,0x0c6b65,011000110101101100101
2447,0x199292,110011001001010010010
2448,0x0e6e55,011100110111001010101
2449,0x19138a,110010001001110001010
2450,0x024ed7,000100100111011010111
2451,0x11aa29,100011010101000101001
2452,0x0959da,010010101100111011010
2453,0x15a2b5,101011010001010110101
2454,0x1b452e,110110100010100101110
2455,0x0568dd,001010110100011011101
2456,0x1ad729,110101101011100101001
2457,0x192916,110010010100100010110
2458,0x06d2e2,001101101001011100010
2459,0x19c568,110011100010101101000
2460,0x149251,101001001001001010001
2461,0x0a6929,010100110100100101001
2462,0x113646,100010011011001000110
2463,0x0add39,010101101110100111001
2464,0x152a6c,101010010101001101100
2465,0x0b8dba,010111000110110111010
2466,0x165a64,101100101101001100100
2467,0x0b24ab,010110010010010101011
2468,0x049326,001001001001100100110
2469,0x1b4db9,110110100110110111001
2470,0x0ce2c4,011001110001011000100
2471,0x13b936,100111011100100110110
2472,0x1a44cd,110100100010011001101
2473,0x073762,001110011011101100010
2474,0x1199a9,100011001100110101001
2475,0x0a6b54,010100110101101010100
2476,0x05ccbb,001011100110010111011
2477,0x18932e,110001001001100101110
2478,0x154ec5,101010100111011000101
2479,0x0a956a,010101001010101101010
2480,0x0d5bb1,011010101101110110001
2481,0x14a45a,101001010010001011010
2482,0x0b9b34,010111001101100110100
2483,0x1324cb,100110010010011001011
2484,0x0ec764,011101100011101100100
2485,0x09b493,010011011010010010011
2486,0x16726e,101100111001001101110
2487,0x08d5a5,010001101010110100101
2488,0x13a652,100111010011001010010
2489,0x0d988d,011011001100010001101
2490,0x04e352,001001110001101010010
2491,0x0b8da4,010111000110110100100
2492,0x1232d5,100100011001011010101
2493,0x0cec4a,011001110110001001010
2494,0x1273a3,100100111001110100011
2495,0x09445d,010010100010001011101
2496,0x159b2a,101011001101100101010
2497,0x08e5d7,010001110010111010111
2498,0x132a2b,100110010101000101011
2499,0x1898ce,110001001100011001110
2500,0x0b4535,010110100010100110101
2501,0x148e8a,101001000111010001010
2502,0x072345,001110010001101000101
2503,0x155d58,101010101110101011000
2504,0x0aaea6,010101010111010100110
2505,0x05d2b9,001011101001010111001
2506,0x14ece6,101001110110011100110
2507,0x1b7389,110110111001110001001
2508,0x0ccd66,011001100110101100110
2509,0x02b2b3,000101011001010110011
2510,0x1dcb44,111011100101101000100
2511,0x069d9b,001101001110110011011
2512,0x18ca62,110001100101001100010
2513,0x1775c5,101110111010111000101
2514,0x099b22,010011001101100100010
2515,0x14d653,101001101011001010011
2516,0x1b6588,110110110010110001000
2517,0x038a37,000111000101000110111
2518,0x15154e,101010001010101001110
2519,0x02ab8d,000101010101110001101
2520,0x1d6476,111010110010001110110
2521,0x128ead,100101000111010101101
2522,0x05b9d2,001011011100111010010
2523,0x125724,100100101011100100100
2524,0x19bb92,110011011101110010010
2525,0x0ec66e,011101100011001101110
2526,0x115911,100010101100100010001
2527,0x1da64e,111011010011001001110
2528,0x034497,000110100010010010111
2529,0x0d38e4,011010011100011100100
2530,0x09d74b,010011101011101001011
2531,0x1d2d34,111010010110100110100
2532,0x0ad6da,010101101011011011010
2533,0x066ba5,001100110101110100101
2534,0x19cc6d,110011100110001101101
2535,0x0ab932,010101011100100110010
2536,0x194a4d,110010100101001001101
2537,0x0ae4b2,010101110010010110010
2538,0x1b5369,110110101001101101001
2539,0x058ee2,001011000111011100010
2540,0x16b11d,101101011000100011101
2541,0x0b4ee2,010110100111011100010
2542,0x14d59a,101001101010110011010
2543,0x1b2e6d,110110010111001101101
2544,0x0591b3,001011001000110110011
2545,0x1b66ce,110110110011011001110
2546,0x06b3a5,001101011001110100101
2547,0x0d4c62,011010100110001100010
2548,0x1a939c,110101001001110011100
2549,0x0d6966,011010110100101100110
2550,0x1594da,101011001010011011010
2551,0x126375,100100110001101110101
2552,0x0d8ecb,011011000111011001011
2553,0x0a5526,010100101010100100110
2554,0x118b8a,100011000101110001010
2555,0x1cdc64,111001101110001100100
2556,0x033593,000110011010110010011
2557,0x06eace,001101110101011001110
2558,0x095129,010010101000100101001
2559,0x02b667,000101011011001100111
2560,0x1968d4,110010110100011010100
2561,0x02372d,000100011011100101101
2562,0x09d6d2,010011101011011010010
2563,0x122d6e,100100010110101101110
2564,0x0d52b6,011010101001010110110
2565,0x0b2d71,010110010110101110001
2566,0x11d3a6,100011101001110100110
2567,0x0629c9,001100010100111001001
2568,0x14d4b6,101001101010010110110
2569,0x0b2b62,010110010101101100010
2570,0x14e488,101001110010010001000
2571,0x0b1916,010110001100100010110
2572,0x11c6ec,100011100011011101100
2573,0x0698b3,001101001100010110011
2574,0x0b266c,010110010011001101100
2575,0x15888b,101011000100010001011
2576,0x0ad5d2,010101101010111010010
2577,0x15a2ed,101011010001011101101
2578,0x0c653a,011000110010100111010
2579,0x119ad5,100011001101011010101
2580,0x14576a,101000101011101101010
2581,0x0c894d,011001000100101001101
2582,0x1535b6,101010011010110110110
2583,0x0eba6b,011101011101001101011
2584,0x156494,101010110010010010100
2585,0x0dbb4b,011011011101101001011
2586,0x1a649c,110100110010010011100
2587,0x171b62,101110001101101100010
2588,0x08ee5c,010001110111001011100
2589,0x1719ab,101110001100110101011
2590,0x0ca745,011001010011101000101
2591,0x0b4e3a,010110100111000111010
2592,0x1231c5,100100011000111000101
2593,0x1dca28,111011100101000101000
2594,0x11b593,100011011010110010011
2595,0x0adae6,010101101101011100110
2596,0x112729,100010010011100101001
2597,0x16e8c6,101101110100011000110
2598,0x0b7139,010110111000100111001
2599,0x149dc4,101001001110111000100
2600,0x074e3b,001110100111000111011
2601,0x0cb154,011001011000101010100
2602,0x034d29,000110100110100101001
2603,0x1b2296,110110010001010010110
2604,0x1c9368,111001001001101101000
2605,0x046b95,001000110101110010101
2606,0x1ba4e6,110111010010011100110
2607,0x05bb59,001011011101101011001
2608,0x19c4a4,110011100010010100100
2609,0x13b353,100111011001101010011
2610,0x1d58ae,111010101100010101110
2611,0x08b74b,010001011011101001011
2612,0x1649c5,101100100100111000101
2613,0x0b8aba,010111000101010111010
2614,0x062767,001100010011101100111
2615,0x11b9da,100011011100111011010
2616,0x044725,001000100011100100101
2617,0x091aca,010010001101011001010
2618,0x12c924,100101100100100100100
2619,0x0ce6da,011001110011011011010
2620,0x0b9127,010111001000100100111
2621,0x148e9c,101001000111010011100
2622,0x1b11a2,110110001000110100010
2623,0x158ed5,101011000111011010101
2624,0x0e33ae,011100011001110101110
2625,0x18ac74,110001010110001110100
2626,0x0752dd,001110101001011011101
2627,0x1ca662,111001010011001100010
2628,0x03889d,000111000100010011101
2629,0x1c474a,111000100011101001010
2630,0x049195,001001001000110010101
2631,0x0eee8e,011101110111010001110
2632,0x19b145,110011011000101000101
2633,0x0348d3,000110100100011010011
2634,0x0db16c,011011011000101101100
2635,0x1a4591,110100100010110010001
2636,0x168b4e,101101000101101001110
2637,0x08b5d5,010001011010111010101
2638,0x152e38,101010010111000111000
2639,0x12d1cd,100101101000111001101
2640,0x0dc624,011011100011000100100
2641,0x113119,100010011000100011001
2642,0x1cdaa4,111001101101010100100
2643,0x0714db,001110001010011011011
2644,0x11c526,100011100010100100110
2645,0x0251d1,000100101000111010001
2646,0x19a46e,110011010010001101110
2647,0x05d9c5,001011101100111000101
2648,0x12a313,100101010001100010011
2649,0x0e44dd,011100100010011011101
2650,0x1173b6,100010111001110110110
2651,0x138ae9,100111000101011101001
2652,0x0edd24,011101101110100100100
2653,0x15129b,101010001001010011011
2654,0x096dd4,010010110110111010100
2655,0x06e227,001101110001000100111
2656,0x1b9558,110111001010101011000
2657,0x112ae6,100010010101011100110
2658,0x18dd59,110001101110101011001
2659,0x071296,001110001001010010110
2660,0x0bad4b,010111010110101001011
2661,0x0538ad,001010011100010101101
2662,0x08e753,010001110011101010011
2663,0x15999c,101011001100110011100
2664,0x0a262d,010100010011000101101
2665,0x1cd1d2,111001101000111010010
2666,0x0724b9,001110010010010111001
2667,0x1c9d4e,111001001110101001110
2668,0x136531,100110110010100110001
2669,0x071bae,001110001101110101110
2670,0x1a65d8,110100110010111011000
2671,0x05db57,001011101101101010111
2672,0x12448e,100100100010010001110
2673,0x1db35a,111011011001101011010
2674,0x08dc94,010001101110010010100
2675,0x07452e,001110100010100101110
2676,0x191a38,110010001101000111000
2677,0x0629d7,001100010100111010111
2678,0x1bb634,110111011011000110100
2679,0x054d6b,001010100110101101011
2680,0x169a96,101101001101010010110
2681,0x09c773,010011100011101110011
2682,0x15589a,101010101100010011010
2683,0x0e8c64,011101000110001100100
2684,0x116352,100010110001101010010
2685,0x0ab68c,010101011011010001100
2686,0x15d162,101011101000101100010
2687,0x02ec9b,000101110110010011011
2688,0x19d774,110011101011101110100
2689,0x12aceb,100101010110011101011
2690,0x054655,001010100011001010101
2691,0x1cdcaa,111001101110010101010
2692,0x0b3459,010110011010001011001
2693,0x1562b4,101010110001010110100
2694,0x0d9cca,011011001110011001010
2695,0x13532d,100110101001100101101
2696,0x1ce592,111001110010110010010
2697,0x139d4c,100111001110101001100
2698,0x045ab7,001000101101010110111
2699,0x19a5a4,110011010010110100100
2700,0x0dcaeb,011011100101011101011
2701,0x136726,100110110011100100110
2702,0x0daaca,011011010101011001010
2703,0x16d225,101101101001000100101
2704,0x111d8a,100010001110110001010
2705,0x0eac76,011101010110001110110
2706,0x1455a9,101000101010110101001
2707,0x16ac56,101101010110001010110
2708,0x0d72eb,011010111001011101011
2709,0x1a8cd4,110101000110011010100
2710,0x117529,100010111010100101001
2711,0x0dca55,011011100101001010101
2712,0x12458b,100100100010110001011
2713,0x05aa32,001011010101000110010
2714,0x0a44a9,010100100010010101001
2715,0x16db5c,101101101101101011100
2716,0x1d26a6,111010010011010100110
2717,0x1689cd,101101000100111001101
2718,0x0d3632,011010011011000110010
2719,0x11cdad,100011100110110101101
2720,0x0a72c7,010100111001011000111
2721,0x1595aa,101011001010110101010
2722,0x036e95,000110110111010010101
2723,0x09d36a,010011101001101101010
2724,0x146898,101000110100010011000
2725,0x0b8e22,010111000111000100010
2726,0x1d71ce,111010111000111001110
2727,0x024ea3,000100100111010100011
2728,0x0db555,011011011010101010101
2729,0x1a63a6,110100110001110100110
2730,0x07151b,001110001010100011011
2731,0x19aeb6,110011010111010110110
2732,0x1645ca,101100100010111001010
2733,0x0d91b6,011011001000110110110
2734,0x02bb4d,000101011101101001101
2735,0x1b4c96,110110100110010010110
2736,0x0c962d,011001001011000101101
2737,0x073993,001110011100110010011
2738,0x19724a,110010111001001001010
2739,0x06cb35,001101100101100110101
2740,0x1935a9,110010011010110101001
2741,0x0e4e63,011100100111001100011
2742,0x15a39d,101011010001110011101
2743,0x0e54ca,011100101010011001010
2744,0x15b225,101011011001000100101
2745,0x0adadb,010101101101011011011
2746,0x15652d,101010110010100101101
2747,0x0a9aea,010101001101011101010
2748,0x174d1c,101110100110100011100
2749,0x0c96d2,011001001011011010010
2750,0x1b492c,110110100100100101100
2751,0x0636b7,001100011011010110111
2752,0x18e8ca,110001110100011001010
2753,0x1b5525,110110101010100100101
2754,0x053aca,001010011101011001010
2755,0x1a3724,110100011011100100100
2756,0x09ce89,010011100111010001001
2757,0x151513,101010001010100010011
2758,0x1aabad,110101010101110101101
2759,0x07164e,001110001011001001110
2760,0x08a9d9,010001010100111011001
2761,0x065a36,001100101101000110110
2762,0x13b6ec,100111011011011101100
2763,0x0c6955,011000110100101010101
2764,0x12d2a6,100101101001010100110
2765,0x095d69,010010101110101101001
2766,0x12b89a,100101011100010011010
2767,0x034ce7,000110100110011100111
2768,0x1c5714,111000101011100010100
2769,0x1368a9,100110110100010101001
2770,0x0ca513,011001010010100010011
2771,0x1b5cad,110110101110010101101
2772,0x04938e,001001001001110001110
2773,0x175574,101110101010101110100
2774,0x08e38a,010001110001110001010
2775,0x03956d,000111001010101101101
2776,0x165cb2,101100101110010110010
2777,0x0ca29d,011001010001010011101
2778,0x11393a,100010011100100111010
2779,0x1acaed,110101100101011101101
2780,0x0e2732,011100010011100110010
2781,0x1188d4,100011000100011010100
2782,0x0a712b,010100111000100101011
2783,0x15a694,101011010011010010100
2784,0x025b47,000100101101101000111
2785,0x1c9492,111001001010010010010
2786,0x126324,100100110001100100100
2787,0x0cb9dd,011001011100111011101
2788,0x1c4d22,111000100110100100010
2789,0x0bbad9,010111011101011011001
2790,0x195dc4,110010101110111000100
2791,0x04aa2a,001001010101000101010
2792,0x1a94d1,110101001010011010001
2793,0x04ebaa,001001110101110101010
2794,0x0996dc,010011001011011011100
2795,0x174939,101110100100100111001
2796,0x0bb6d2,010111011011011010010
2797,0x116b6c,100010110101101101100
2798,0x0a5cda,010100101110011011010
2799,0x15da25,101011101101000100101
2800,0x1235bb,100100011010110111011
2801,0x1c8e6c,111001000111001101100
2802,0x0399b7,000111001100110110111
2803,0x15634b,101010110001101001011
2804,0x029aad,000101001101010101101
2805,0x15b74e,101011011011101001110
2806,0x0962bb,010010110001010111011
2807,0x1a2d74,110100010110101110100
2808,0x09928b,010011001001010001011
2809,0x046471,001000110010001110001
2810,0x09db8e,010011101101110001110
2811,0x152465,101010010010001100101
2812,0x0b5a8e,010110101101010001110
2813,0x05a915,001011010100100010101
2814,0x0c5baa,011000101101110101010
2815,0x12a49c,100101010010010011100
2816,0x096ae2,010010110101011100010
2817,0x12d4ed,100101101010011101101
2818,0x0d9b19,011011001101100011001
2819,0x0654e7,001100101010011100111
2820,0x14eaa8,101001110101010101000
2821,0x08b117,010001011000100010111
2822,0x145dcb,101000101110111001011
2823,0x1b2a35,110110010101000110101
2824,0x0e8d8a,011101000110110001010
2825,0x14da71,101001101101001110001
2826,0x0ba52b,010111010010100101011
2827,0x1cda52,111001101101001010010
2828,0x0b2539,010110010010100111001
2829,0x08d24e,010001101001001001110
2830,0x03acb9,000111010110010111001
2831,0x0ed226,011101101001000100110
2832,0x058ecd,001011000111011001101
2833,0x189372,110001001001101110010
2834,0x0eea9d,011101110101010011101
2835,0x1b5756,110110101011101010110
2836,0x04e2a2,001001110001010100010
2837,0x0394c9,000111001010011001001
2838,0x0d4972,011010100100101110010
2839,0x02b4a5,000101011010010100101
2840,0x17591b,101110101100100011011
2841,0x096eac,010010110111010101100
2842,0x12b25b,100101011001001011011
2843,0x1c5db4,111000101110110110100
2844,0x0226db,000100010011011011011
2845,0x19dd2d,110011101110100101101
2846,0x0e62ba,011100110001010111010
2847,0x133b2c,100110011101100101100
2848,0x0ee6e3,011101110011011100011
2849,0x158b1c,101011000101100011100
2850,0x0a32aa,010100011001010101010
2851,0x0d4775,011010100011101110101
2852,0x1aa4ca,110101010010011001010
2853,0x0d1b23,011010001101100100011
2854,0x164474,101100100010001110100
2855,0x09b1bb,010011011000110111011
2856,0x12eee2,100101110111011100010
2857,0x0e712d,011100111000100101101
2858,0x1b8eb2,110111000111010110010
2859,0x065d69,001100101110101101001
2860,0x18b2dc,110001011001011011100
2861,0x0e6627,011100110011000100111
2862,0x1dd998,111011101100110011000
2863,0x1622a6,101100010001010100110
2864,0x05d15a,001011101000101011010
2865,0x0a2ca9,010100010110010101001
2866,0x199914,110011001100100010100
2867,0x0e4672,011100100011001110010
2868,0x1328cd,100110010100011001101
2869,0x09c462,010011100010001100010
2870,0x063b13,001100011101100010011
2871,0x19a4a8,110011010010010101000
2872,0x069a3b,001101001101000111011
2873,0x18e4c4,110001110010011000100
2874,0x073bb5,001110011101110110101
2875,0x1cca4e,111001100101001001110
2876,0x11aca5,100011010110010100101
2877,0x0edb69,011101101101101101001
2878,0x09a8d2,010011010100011010010
2879,0x02d727,000101101011100100111
2880,0x112ac8,100010010101011001000
2881,0x0ae5b7,010101110010110110111
2882,0x0758e9,001110101100011101001
2883,0x18e2c6,110001110001011000110
2884,0x17251c,101110010010100011100
2885,0x08d689,010001101011010001001
2886,0x15b174,101011011000101110100
2887,0x06498e,001100100100110001110
2888,0x1b3455,110110011010001010101
2889,0x16d9ca,101101101100111001010
2890,0x196e2d,110010110111000101101
2891,0x0e99d1,011101001100111010001
2892,0x113364,100010011001101100100
2893,0x16e8d9,101101110100011011001
2894,0x0b5364,010110101001101100100
2895,0x1696d9,101101001011011011001
2896,0x0d28a5,011010010100010100101
2897,0x134518,100110100010100011000
2898,0x1cb6ec,111001011011011101100
2899,0x124b1a,100100100101100011010
2900,0x0eb4d5,011101011010011010101
2901,0x1b9b28,110111001101100101000
2902,0x0662b5,001100110001010110101
2903,0x1b9948,110111001100101001000
2904,0x0d64b4,011010110010010110100
2905,0x118e63,100011000111001100011
2906,0x0ee54c,011101110010101001100
2907,0x1952a5,110010101001010100101
2908,0x0e2562,011100010010101100010
2909,0x02d39d,000101101001110011101
2910,0x1d8ee6,111011000111011100110
2911,0x129231,100101001001000110001
2912,0x0dad8d,011011010110110001101
2913,0x12c571,100101100010101110001
2914,0x0938c6,010010011100011000110
2915,0x18e719,110001110011100011001
2916,0x0d12a2,011010001001010100010
2917,0x16ee4d,101101110111001001101
2918,0x099db2,010011001110110110010
2919,0x146a69,101000110101001101001
2920,0x1ad196,110101101000110010110
2921,0x096ce9,010010110110011101001
2922,0x1c99b4,111001001100110110100
2923,0x0aec63,010101110110001100011
2924,0x1396d8,100111001011011011000
2925,0x0c6a23,011000110101000100011
2926,0x0bb4d4,010111011010011010100
2927,0x074bbb,001110100101110111011
2928,0x191c65,110010001110001100101
2929,0x12ca98,100101100101010011000
2930,0x1d1776,111010001011101110110
2931,0x03aaed,000111010101011101101
2932,0x08d712,010001101011100010010
2933,0x162d2c,101100010110100101100
2934,0x0b32b3,010110011001010110011
2935,0x148dc8,101001000110111001000
2936,0x09628d,010010110001010001101
2937,0x1d9476,111011001010001110110
2938,0x064949,001100100100101001001
2939,0x0898b6,010001001100010110110
2940,0x164559,101100100010101011001
2941,0x0d94a6,011011001010010100110
2942,0x1a48d8,110100100100011011000
2943,0x059a2d,001011001101000101101
2944,0x127752,100100111011101010010
2945,0x15289d,101010010100010011101
2946,0x0dc563,011011100010101100011
2947,0x163ab8,101100011101010111000
2948,0x0b7555,010110111010101010101
2949,0x188ea8,110001000111010101000
2950,0x055d55,001010101110101010101
2951,0x16b6e3,101101011011011100011
2952,0x1c4a8c,111000100101010001100
2953,0x12a751,100101010011101010001
2954,0x0a518d,010100101000110001101
2955,0x152552,101010010010101010010
2956,0x08cbb1,010001100101110110001
2957,0x16e546,101101110010101000110
2958,0x08ba5d,010001011101001011101
2959,0x024d23,000100100110100100011
2960,0x1d38d4,111010011100011010100
2961,0x035717,000110101011100010111
2962,0x14a9ac,101001010100110101100
2963,0x192251,110010010001001010001
2964,0x06dce2,001101101110011100010
2965,0x19a6b5,110011010011010110101
2966,0x0e51c6,011100101000111000110
2967,0x14a23b,101001010001000111011
2968,0x196dc8,110010110110111001000
2969,0x049b32,001001001101100110010
2970,0x1936c9,110010011011011001001
2971,0x0ed112,011101101000100010010
2972,0x176e25,101110110111000100101
2973,0x09318a,010010011000110001010
2974,0x128d64,100101000110101100100
2975,0x0d1b8e,011010001101110001110
2976,0x19d639,110011101011000111001
2977,0x0e3992,011100011100110010010
2978,0x0dd669,011011101011001101001
2979,0x1b8892,110111000100010010010
2980,0x1c5264,111000101001001100100
2981,0x0bb39a,010111011001110011010
2982,0x1c456c,111000100010101101100
2983,0x13338b,100110011001110001011
2984,0x09dcb6,010011101110010110110
2985,0x044719,001000100011100011001
2986,0x08b1c7,010001011000111000111
2987,0x154e58,101010100111001011000
2988,0x1893b5,110001001001110110101
2989,0x0774ca,001110111010011001010
2990,0x08ce6d,010001100111001101101
2991,0x163ba2,101100011101110100010
2992,0x05c48d,001011100010010001101
2993,0x09193a,010010001100100111010
2994,0x144e4c,101000100111001001100
2995,0x19adaa,110011010110110101010
2996,0x069471,001101001010001110001
2997,0x0569aa,001010110100110101010
2998,0x18ce46,110001100111001000110
2999,0x07298d,001110010100110001101
3000,0x1c46d6,111000100011011010110
3001,0x19ad89,110011010110110001001
3002,0x175732,101110101011100110010
3003,0x0a6a6c,010100110101001101100
3004,0x058da3,001011000110110100011
3005,0x0ee35c,011101110001101011100
3006,0x025aa9,000100101101010101001
3007,0x0da246,011011010001001000110
3008,0x1748b8,101110100100010111000
3009,0x0c934e,011001001001101001110
3010,0x02e4e9,000101110010011101001
3011,0x095746,010010101011101000110
3012,0x16bbac,101101011101110101100
3013,0x0a4d51,010100100110101010001
3014,0x0db3ac,011011011001110101100
3015,0x12d496,100101101010010010110
3016,0x0d3b8d,011010011101110001101
3017,0x11a458,100011010010001011000
3018,0x074b97,001110100101110010111
3019,0x19a748,110011010011101001000
3020,0x0edc9b,011101101110010011011
3021,0x192346,110010010001101000110
3022,0x069ad1,001101001101011010001
3023,0x13662c,100110110011000101100
3024,0x048d47,001001000110101000111
3025,0x19349c,110010011010010011100
3026,0x0d896b,011011000100101101011
3027,0x124eda,100100100111011011010
3028,0x0ce336,011001110001100110110
3029,0x1a98d8,110101001100011011000
3030,0x0d6e35,011010110111000110101
3031,0x04b6ce,001001011011011001110
3032,0x195164,110010101000101100100
3033,0x04ce92,001001100111010010010
3034,0x071169,001110001000101101001
3035,0x08e69b,010001110011010011011
3036,0x162954,101100010100101010100
3037,0x0912a9,010010001001010101001
3038,0x04e8d6,001001110100011010110
3039,0x031571,000110001010101110001
3040,0x0ce48e,011001110010010001110
3041,0x117331,100010111001100110001
3042,0x18accc,110001010110011001100
3043,0x027133,000100111000100110011
3044,0x19c4cd,110011100010011001101
3045,0x052d3a,001010010110100111010
3046,0x0b96d5,010111001011011010101
3047,0x0e693a,011100110100100111010
3048,0x1b1675,110110001011001110101
3049,0x0cca9b,011001100101010011011
3050,0x0355a5,000110101010110100101
3051,0x14925c,101001001001001011100
3052,0x092527,010010010010100100111
3053,0x159a68,101011001101001101000
3054,0x0b65dd,010110110010111011101
3055,0x149773,101001001011101110011
3056,0x0b6a9d,010110110101010011101
3057,0x16b151,101101011000101010001
3058,0x1d4aaa,111010100101010101010
3059,0x0ea674,011101010011001110100
3060,0x093b8b,010010011101110001011
3061,0x0e6d74,011100110110101110100
3062,0x131628,100110001011000101000
3063,0x0ee2d3,011101110001011010011
3064,0x191944,110010001100101000100
3065,0x0774ba,001110111010010111010
3066,0x09cb17,010011100101100010111
3067,0x1774b6,101110111010010110110
3068,0x098ad1,010011000101011010001
3069,0x0574a6,001010111010010100110
3070,0x1aba99,110101011101010011001
3071,0x114662,100010100011001100010
3072,0x0ba8a9,010111010100010101001
3073,0x0516d6,001010001011011010110
3074,0x18e9ac,110001110100110101100
3075,0x051362,001010001001101100010
3076,0x0cec8d,011001110110010001101
3077,0x19733a,110010111001100111010
3078,0x08ccad,010001100110010101101
3079,0x152b72,101010010101101110010
3080,0x094c8d,010010100110010001101
3081,0x0e2251,011100010001001010001
3082,0x148d2a,101001000110100101010
3083,0x1b52d9,110110101001011011001
3084,0x089536,010001001010100110110
3085,0x174bad,101110100101110101101
3086,0x09251a,010010010010100011010
3087,0x0dd8c7,011011101100011000111
3088,0x1125da,100010010010111011010
3089,0x0dc6b1,011011100011010110001
3090,0x132c5d,100110010110001011101
3091,0x0496aa,001001001011010101010
3092,0x0b69c7,010110110100111000111
3093,0x1d5338,111010101001100111000
3094,0x03ae8b,000111010111010001011
3095,0x09515c,010010101000101011100
3096,0x05aceb,001011010110011101011
3097,0x1b4636,110110100011000110110
3098,0x05a38b,001011010001110001011
3099,0x196c5c,110010110110001011100
3100,0x12528b,100100101001010001011
3101,0x1d995c,111011001100101011100
3102,0x0aea22,010101110101000100010
3103,0x13755d,100110111010101011101
3104,0x0e8ad3,011101000101011010011
3105,0x0335ad,000110011010110101101
3106,0x15ceb2,101011100111010110010
3107,0x03516d,000110101000101101101
3108,0x162ed2,101100010111011010010
3109,0x0951a4,010010101000110100100
3110,0x06a25d,001101010001001011101
3111,0x1d69b6,111010110100110110110
3112,0x169a59,101101001101001011001
3113,0x0ae5c6,010101110010111000110
3114,0x053a29,001010011101000101001
3115,0x11d444,100011101010001000100
3116,0x0d231b,011010010001100011011
3117,0x1abab4,110101011101010110100
3118,0x074749,001110100011101001001
3119,0x139a92,100111001101010010010
3120,0x0e636d,011100110001101101101
3121,0x149cdb,101001001110011011011
3122,0x1b222d,110110010001000101101
3123,0x04cdda,001001100110111011010
3124,0x093227,010010011001000100111
3125,0x169d5a,101101001110101011010
3126,0x094aa3,010010100101010100011
3127,0x165972,101100101100101110010
3128,0x09b4cd,010011011010011001101
3129,0x072b1a,001110010101100011010
3130,0x18e2ec,110001110001011101100
3131,0x113a53,100010011101001010011
3132,0x1ac72c,110101100011100101100
3133,0x0c9a93,011001001101010010011
3134,0x11c775,100011100011101110101
3135,0x0722ce,001110010001011001110
3136,0x189bb2,110001001101110110010
3137,0x0365cb,000110110010111001011
3138,0x0dbb31,011011011101100110001
3139,0x1d46ee,111010100011011101110
3140,0x03a949,000111010100101001001
3141,0x1d62b2,111010110001010110010
3142,0x12ba6e,100101011101001101110
3143,0x09d59b,010011101010110011011
3144,0x0e2276,011100010001001110110
3145,0x0d8bb9,011011000101110111001
3146,0x134744,100110100011101000100
3147,0x0ee2a9,011101110001010101001
3148,0x092976,010010010100101110110
3149,0x064caa,001100100110010101010
3150,0x197358,110010111001101011000
3151,0x05ddae,001011101110110101110
3152,0x0262d9,000100110001011011001
3153,0x1d1d46,111010001110101000110
3154,0x0232ad,000100011001010101101
3155,0x0d8952,011011000100101010010
3156,0x023239,000100011001000111001
3157,0x0d46c4,011010100011011000100
3158,0x1b9229,110111001001000101001
3159,0x0c6d53,011000110110101010011
3160,0x1752b4,101110101001010110100
3161,0x0ba4cb,010111010010011001011
3162,0x0d4e74,011010100111001110100
3163,0x16d892,101101101100010010010
3164,0x096347,010010110001101000111
3165,0x1d1688,111010001011010001000
3166,0x0e69a7,011100110100110100111
3167,0x19ae51,110011010111001010001
3168,0x0b546c,010110101010001101100
3169,0x1da936,111011010100100110110
3170,0x0e4eea,011100100111011101010
3171,0x1b9495,110111001010010010101
3172,0x0d6b5a,011010110101101011010
3173,0x0ab9a7,010101011100110100111
3174,0x14445d,101000100010001011101
3175,0x0592eb,001011001001011101011
3176,0x1ac712,110101100011100010010
3177,0x0db2e4,011011011001011100100
3178,0x0ace3b,010101100111000111011
3179,0x152cd5,101010010110011010101
3180,0x09cb4a,010011100101101001010
3181,0x0e3ab4,011100011101010110100
3182,0x11971b,100011001011100011011
3183,0x146e64,101000110111001100100
3184,0x0b9699,010111001011010011001
3185,0x1169a2,100010110100110100010
3186,0x0cb6c5,011001011011011000101
3187,0x165b69,101100101101101101001
3188,0x08ea9c,010001110101010011100
3189,0x0b1d62,010110001110101100010
3190,0x16e6ab,101101110011010101011
3191,0x191a55,110010001101001010101
3192,0x14c76b,101001100011101101011
3193,0x0319d7,000110001100111010111
3194,0x1cb68a,111001011011010001010
3195,0x033577,000110011010101110111
3196,0x15dac5,101011101101011000101
3197,0x0b371c,010110011011100011100
3198,0x04c8c7,001001100100011000111
3199,0x0b952e,010111001010100101110
3200,0x125a5d,100100101101001011101
3201,0x0d6535,011010110010100110101
3202,0x138a4b,100111000101001001011
3203,0x046ca7,001000110110010100111
3204,0x11d1d2,100011101000111010010
3205,0x0ece2d,011101100111000101101
3206,0x171896,101110001100010010110
3207,0x1c672c,111000110011100101100
3208,0x0ba9d5,010111010100111010101
3209,0x16c736,101101100011100110110
3210,0x0964cb,010010110010011001011
3211,0x14d345,101001101001101000101
3212,0x071ca2,001110001110010100010
3213,0x1da96e,111011010100101101110
3214,0x114499,100010100010010011001
3215,0x0eeb2e,011101110101100101110
3216,0x093551,010010011010101010001
3217,0x14e88e,101001110100010001110
3218,0x1a9d11,110101001110100010001
3219,0x05524a,001010101001001001010
3220,0x1a4dd9,110100100110111011001
3221,0x15d664,101011101011001100100
3222,0x0a759d,010100111010110011101
3223,0x0d9962,011011001100101100010
3224,0x0ae28b,010101110001010001011
3225,0x0d9bb5,011011001101110110101
3226,0x12b452,100101011010001010010
3227,0x034ea9,000110100111010101001
3228,0x149594,101001001010110010100
3229,0x022a2d,000100010101000101101
3230,0x04d656,001001101011001010110
3231,0x05a889,001011010100010001001
3232,0x1a4b51,110100100101101010001
3233,0x04949d,001001001010010011101
3234,0x098b72,010011000101101110010
3235,0x0e31c5,011100011000111000101
3236,0x098e33,010011000111000110011
3237,0x156d9d,101010110110110011101
3238,0x1a944a,110101001010001001010
3239,0x04c8b1,001001100100010110001
3240,0x1b7749,110110111011101001001
3241,0x062cb7,001100010110010110111
3242,0x1d924e,111011001001001001110
3243,0x076d92,001110110110110010010
3244,0x1ca2ee,111001010001011101110
3245,0x07713b,001110111000100111011
3246,0x16aed4,101101010111011010100
3247,0x15116a,101010001000101101010
3248,0x0ece96,011101100111010010110
3249,0x051669,001010001011001101001
3250,0x1da896,111011010100010010110
3251,0x137639,100110111011000111001
3252,0x188dce,110001000110111001110
3253,0x075237,001110101001000110111
3254,0x194cd8,110010100110011011000
3255,0x063623,001100011011000100011
3256,0x194cd5,110010100110011010101
3257,0x0e7712,011100111011100010010
3258,0x0888ed,010001000100011101101
3259,0x0b3152,010110011000101010010
3260,0x0edca5,011101101110010100101
3261,0x1d2b56,111010010101101010110
3262,0x0896cb,010001001011011001011
3263,0x16c51c,101101100010100011100
3264,0x0bb2c7,010111011001011000111
3265,0x1c9d3a,111001001110100111010
3266,0x0325c7,000110010010111000111
3267,0x1ccbb2,111001100101110110010
3268,0x0935c5,010010011010111000101
3269,0x06ee72,001101110111001110010
3270,0x19598c,110010101100110001100
3271,0x0da2db,011011010001011011011
3272,0x12ad38,100101010110100111000
3273,0x04748e,001000111010010001110
3274,0x0bba69,010111011101001101001
3275,0x14e9a3,101001110100110100011
3276,0x098e76,010011000111001110110
3277,0x075289,001110101001010001001
3278,0x18a54a,110001010010101001010
3279,0x024bad,000100100101110101101
3280,0x0d9352,011011001001101010010
3281,0x124c6a,100100100110001101010
3282,0x093399,010010011001110011001
3283,0x16b46e,101101011010001101110
3284,0x0b4adb,010110100101011011011
3285,0x15b66d,101011011011001101101
3286,0x0b68d6,010110110100011010110
3287,0x049559,001001001010101011001
3288,0x1b2ee6,110110010111011100110
3289,0x169b9d,101101001101110011101
3290,0x192c71,110010010110001110001
3291,0x16d36e,101101101001101101110
3292,0x096d1d,010010110110100011101
3293,0x0ed4a2,011101101010010100010
3294,0x11a8db,100011010100011011011
3295,0x0e9747,011101001011101000111
3296,0x1d6258,111010110001001011000
3297,0x02eca3,000101110110010100011
3298,0x0d9b46,011011001101101000110
3299,0x066eed,001100110111011101101
3300,0x0a9233,010101001001000110011
3301,0x0d6dc9,011010110110111001001
3302,0x1a926c,110101001001001101100
3303,0x05388e,001010011100010001110
3304,0x12a768,100101010011101101000
3305,0x1cdb96,111001101101110010110
3306,0x06a4d9,001101010010011011001
3307,0x114934,100010100100100110100
3308,0x08b8d3,010001011100011010011
3309,0x17566a,101110101011001101010
3310,0x08c8d1,010001100100011010001
3311,0x17754b,101110111010101001011
3312,0x092ae4,010010010101011100100
3313,0x16d1a3,101101101000110100011
3314,0x098a5a,010011000101001011010
3315,0x1672a2,101100111001010100010
3316,0x19dc5d,110011101110001011101
3317,0x0a3b27,010100011101100100111
3318,0x118cdd,100011000110011011101
3319,0x0eb572,011101011010101110010
3320,0x09dba9,010011101101110101001
3321,0x062a52,001100010101001010010
3322,0x09d524,010011101010100100100
3323,0x14b6dd,101001011011011011101
3324,0x074d72,001110100110101110010
3325,0x113391,100010011001110010001
3326,0x0cea6b,011001110101001101011
3327,0x17368d,101110011011010001101
3328,0x04da72,001001101101001110010
3329,0x1644c5,101100100010011000101
3330,0x1bb8da,110111011100011011010
3331,0x04d129,001001101000100101001
3332,0x13a896,100111010100010010110
3333,0x191768,110010001011101101000
3334,0x076cb5,001110110110010110101
3335,0x18d344,110001101001101000100
3336,0x038e2b,000111000111000101011
3337,0x0c49c4,011000100100111000100
3338,0x15b4a2,101011011010010100010
3339,0x1ad74d,110101101011101001101
3340,0x0da993,011011010100110010011
3341,0x139645,100111001011001000101
3342,0x0d58ab,011010101100010101011
3343,0x13b56e,100111011010101101110
3344,0x0b4919,010110100100100011001
3345,0x116634,100010110011000110100
3346,0x071cca,001110001110011001010
3347,0x0da375,011011010001101110101
3348,0x1248aa,100100100100010101010
3349,0x09b651,010011011011001010001
3350,0x172daa,101110010110110101010
3351,0x0b5157,010110101000101010111
3352,0x168a9a,101101000101010011010
3353,0x095449,010010101010001001001
3354,0x1baae4,110111010101011100100
3355,0x0713bb,001110001001110111011
3356,0x11ac66,100011010110001100110
3357,0x0a22cb,010100010001011001011
3358,0x145d62,101000101110101100010
3359,0x0ea8b9,011101010100010111001
3360,0x1d5126,111010101000100100110
3361,0x038e4d,000111000111001001101
3362,0x1275a2,100100111010110100010
3363,0x15ae4d,101011010111001001101
3364,0x094bae,010010100101110101110
3365,0x05b6d5,001011011011011010101
3366,0x0e532a,011100101001100101010
3367,0x0db8d5,011011011100011010101
3368,0x1cc5aa,111001100010110101010
3369,0x173b49,101110011101101001001
3370,0x038cb7,000111000110010110111
3371,0x14e2c8,101001110001011001000
3372,0x0b1ba7,010110001101110100111
3373,0x14cd14,101001100110100010100
3374,0x1b74a9,110110111010010101001
3375,0x128b34,100101000101100110100
3376,0x0754c9,001110101010011001001
3377,0x118ea6,100011000111010100110
3378,0x0d7533,011010111010100110011
3379,0x1a92d5,110101001001011010101
3380,0x152c6a,101010010110001101010
3381,0x08d2dc,010001101001011011100
3382,0x132d22,100110010110100100010
3383,0x0d96c7,011011001011011000111
3384,0x132898,100110010100010011000
3385,0x189675,110001001011001110101
3386,0x0bab8a,010111010101110001010
3387,0x056c57,001010110110001010111
3388,0x1246b9,100100100011010111001
3389,0x0db5cc,011011011010111001100
3390,0x111a71,100010001101001110001
3391,0x0e64ec,011100110010011101100
3392,0x1b9b51,110111001101101010001
3393,0x05568e,001010101011010001110
3394,0x092b39,010010010101100111001
3395,0x06ceca,001101100111011001010
3396,0x19999d,110011001100110011101
3397,0x06a6ea,001101010011011101010
3398,0x0ddda5,011011101110110100101
3399,0x1b7238,110110111001000111000
3400,0x04b955,001001011100101010101
3401,0x1334a4,100110011010010100100
3402,0x0c6773,011000110011101110011
3403,0x1b9c5c,110111001110001011100
3404,0x0e72b3,011100111001010110011
3405,0x094cc4,010010100110011000100
3406,0x0eb759,011101011011101011001
3407,0x151ba3,101010001101110100011
3408,0x1a24d4,110100010010011010100
3409,0x158939,101011000100100111001
3410,0x08b6e4,010001011011011100100
3411,0x17598d,101110101100110001101
3412,0x0ac6b3,010101100011010110011
3413,0x1b39c4,110110011100111000100
3414,0x144eba,101000100111010111010
3415,0x059165,001011001000101100101
3416,0x1a4e6e,110100100111001101110
3417,0x0ca489,011001010010010001001
3418,0x133772,100110011011101110010
3419,0x0c4bb5,011000100101110110101
3420,0x19345a,110010011010001011010
3421,0x06ab47,001101010101101000111
3422,0x19459c,110010100010110011100
3423,0x052e72,001010010111001110010
3424,0x035395,000110101001110010101
3425,0x1d8c6a,111011000110001101010
3426,0x177396,101110111001110010110
3427,0x08e44b,010001110010001001011
3428,0x1b1a31,110110001101000110001
3429,0x0569d3,001010110100111010011
3430,0x12462e,100100100011000101110
3431,0x0db112,011011011000100010010
3432,0x144d69,101000100110101101001
3433,0x08b3a7,010001011001110100111
3434,0x15cce9,101011100110011101001
3435,0x0b2b1b,010110010101100011011
3436,0x05dcc6,001011101110011000110
3437,0x1322b9,100110010001010111001
3438,0x05d74a,001011101011101001010
3439,0x0a4897,010100100100010010111
3440,0x0d3b4c,011010011101101001100
3441,0x089497,010001001010010010111
3442,0x1123aa,100010010001110101010
3443,0x0cc677,011001100011001110111
3444,0x13a9a3,100111010100110100011
3445,0x0b4655,010110100011001010101
3446,0x068926,001101000100100100110
3447,0x19d6ca,110011101011011001010
3448,0x172d94,101110010110110010100
3449,0x0b5a3b,010110101101000111011
3450,0x1c4594,111000100010110010100
3451,0x12a36d,100101010001101101101
3452,0x115a98,100010101101010011000
3453,0x0a64c7,010100110010011000111
3454,0x1b8938,110111000100100111000
3455,0x062297,001100010001010010111
3456,0x1b5c6a,110110101110001101010
3457,0x06a551,001101010010101010001
3458,0x1172e4,100010111001011100100
3459,0x04dc53,001001101110001010011
3460,0x16a2ac,101101010001010101100
3461,0x1b4e51,110110100111001010001
3462,0x08a8ba,010001010100010111010
3463,0x167649,101100111011001001001
3464,0x1a9dd2,110101001110111010010
3465,0x1452ad,101000101001010101101
3466,0x08ae4a,010001010111001001010
3467,0x1111d4,100010001000111010100
3468,0x06e8a9,001101110100010101001
3469,0x135352,100110101001101010010
3470,0x052ddd,001010010110111011101
3471,0x12cab6,100101100101010110110
3472,0x0e3151,011100011000101010001
3473,0x088aaa,010001000101010101010
3474,0x196591,110010110010110010001
3475,0x0eaac6,011101010101011000110
3476,0x039539,000111001010100111001
3477,0x1662ce,101100110001011001110
3478,0x0d1594,011010001010110010100
3479,0x126ae3,100100110101011100011
3480,0x0d7554,011010111010101010100
3481,0x169bba,101101001101110111010
3482,0x0b652d,010110110010100101101
3483,0x04da96,001001101101010010110
3484,0x13a548,100111010010101001000
3485,0x146a91,101000110101010010001
3486,0x1b5dca,110110101110111001010
3487,0x0cee51,011001110111001010001
3488,0x1233b9,100100011001110111001
3489,0x0ed9c7,011101101100111000111
3490,0x158e59,101011000111001011001
3491,0x0d3127,011010011000100100111
3492,0x164e9b,101100100111010011011
3493,0x1da9a4,111011010100110100100
3494,0x0e3653,011100011011001010011
3495,0x16d1a8,101101101000110101000
3496,0x1a6646,110100110011001000110
3497,0x0cd1d1,011001101000111010001
3498,0x1ba24c,110111010001001001100
3499,0x1755b3,101110101010110110011
3500,0x08ca34,010001100101000110100
3501,0x11b4e9,100011011010011101001
3502,0x14eb96,101001110101110010110
3503,0x1b1cc9,110110001110011001001
3504,0x15c772,101011100011101110010
3505,0x0b2b89,010110010101110001001
3506,0x059657,001011001011001010111
3507,0x0e6c8a,011100110110010001010
3508,0x119631,100011001011000110001
3509,0x1a494e,110100100100101001110
3510,0x1538b1,101010011100010110001
3511,0x1a275a,110100010011101011010
3512,0x08d94d,010001101100101001101
3513,0x1736e6,101110011011011100110
3514,0x195d1d,110010101110100011101
3515,0x02bae7,000101011101011100111
3516,0x1ddd28,111011101110100101000
3517,0x12669b,100100110011010011011
3518,0x0b9aec,010111001101011101100
3519,0x16ecb3,101101110110010110011
3520,0x08d72d,010001101011100101101
3521,0x1d3ae2,111010011101011100010
3522,0x1adb15,110101101101100010101
3523,0x053666,001010011011001100110
3524,0x12638c,100100110001110001100
3525,0x0d546b,011010101010001101011
3526,0x1a6a96,110100110101010010110
3527,0x04b765,001001011011101100101
3528,0x116b93,100010110101110010011
3529,0x1ab474,110101011010001110100
3530,0x1562ab,101010110001010101011
3531,0x029945,000101001100101000101
3532,0x0d723a,011010111001000111010
3533,0x1b98d5,110111001100011010101
3534,0x04e33a,001001110001100111010
3535,0x125cd3,100100101110011010011
3536,0x1cb1b8,111001011000110111000
3537,0x038ad3,000111000101011010011
3538,0x166369,101100110001101101001
3539,0x0994da,010011001010011011010
3540,0x12eb69,100101110101101101001
3541,0x0924d5,010010010010011010101
3542,0x0e56ab,011100101011010101011
3543,0x113996,100010011100110010110
3544,0x1ae769,110101110011101101001
3545,0x159ada,101011001101011011010
3546,0x0e6475,011100110010001110101
3547,0x11c71a,100011100011100011010
3548,0x0e6a74,011100110101001110100
3549,0x11a51a,100011010010100011010
3550,0x0753a7,001110101001110100111
3551,0x0da55a,011011010010101011010
3552,0x12dacd,100101101101011001101
3553,0x0531ba,001010011000110111010
3554,0x08ce55,010001100111001010101
3555,0x1313b3,100110001001110110011
3556,0x0e4dcc,011100100110111001100
3557,0x151a33,101010001101000110011
3558,0x1b6d8e,110110110110110001110
3559,0x0cb733,011001011011100110011
3560,0x1364c8,100110110010011001000
3561,0x0ad927,010101101100100100111
3562,0x17169a,101110001011010011010
3563,0x02e575,000101110010101110101
3564,0x051aee,001010001101011101110
3565,0x0e3591,011100011010110010001
3566,0x15532c,101010101001100101100
3567,0x0ba447,010111010010001000111
3568,0x116398,100010110001110011000
3569,0x159925,101011001100100100101
3570,0x0c74db,011000111010011011011
3571,0x1b2b1c,110110010101100011100
3572,0x06cd63,001101100110101100011
3573,0x1d2ab4,111010010101010110100
3574,0x16446b,101100100010001101011
3575,0x091d96,010010001110110010110
3576,0x16a6e9,101101010011011101001
3577,0x0b4b46,010110100101101000110
3578,0x0696b9,001101001011010111001
3579,0x13a35a,100111010001101011010
3580,0x155524,101010101010100100100
3581,0x0a8ad4,010101000101011010100
3582,0x11562b,100010101011000101011
3583,0x04ad91,001001010110110010001
3584,0x0b52ec,010110101001011101100
3585,0x14c932,101001100100100110010
3586,0x0254dd,000100101010011011101
3587,0x0da332,011011010001100110010
3588,0x03199d,000110001100110011101
3589,0x0e62e2,011100110001011100010
3590,0x19d89c,110011101100010011100
3591,0x0e236a,011100010001101101010
3592,0x12da54,100101101101001010100
3593,0x0c63bb,011000110001110111011
3594,0x129ce2,100101001110011100010
3595,0x056b4e,001010110101101001110
3596,0x1bacb4,110111010110010110100
3597,0x144773,101000100011101110011
3598,0x1a229c,110100010001010011100
3599,0x0c9777,011001001011101110111
3600,0x1228b4,100100010100010110100
3601,0x09445a,010010100010001011010
3602,0x149b14,101001001101100010100
3603,0x07668b,001110110011010001011
3604,0x12d956,100101101100101010110
3605,0x0da46c,011011010010001101100
3606,0x12939b,100101001001110011011
3607,0x1dd8e6,111011101100011100110
3608,0x0e2514,011100010010100010100
3609,0x118eb8,100011000111010111000
3610,0x0d71d5,011010111000111010101
3611,0x12ca4c,100101100101001001100
3612,0x0e9593,011101001010110010011
3613,0x19a369,110011010001101101001
3614,0x0a4c9c,010100100110010011100
3615,0x15a35b,101011010001101011011
3616,0x0744a5,001110100010010100101
3617,0x1d1bba,111010001101110111010
3618,0x037473,000110111010001110011
3619,0x1c53ae,111000101001110101110
3620,0x072463,001110010010001100011
3621,0x18969c,110001001011010011100
3622,0x155923,101010101100100100011
3623,0x13b2ce,100111011001011001110
3624,0x126db1,100100110110110110001
3625,0x1d1a5c,111010001101001011100
3626,0x0ee4a6,011101110010010100110
3627,0x189a45,110001001101001000101
3628,0x04c56e,001001100010101101110
3629,0x0b5291,010110101001010010001
3630,0x04e446,001001110010001000110
3631,0x0a53b1,010100101001110110001
3632,0x1cb644,111001011011001000100
3633,0x132dad,100110010110110101101
3634,0x199652,110011001011001010010
3635,0x1529c5,101010010100111000101
3636,0x0b966d,010111001011001101101
3637,0x0469c6,001000110100111000110
3638,0x1592b1,101011001001010110001
3639,0x0a4cce,010100100110011001110
3640,0x071291,001110001001010010001
3641,0x12adcd,100101010110111001101
3642,0x19c716,110011100011100010110
3643,0x046c62,001000110110001100010
3644,0x0ab139,010101011000100111001
3645,0x115cd2,100010101110011010010
3646,0x0e335c,011100011001101011100
3647,0x17588b,101110101100010001011
3648,0x09b477,010011011010001110111
3649,0x063a8e,001100011101010001110
3650,0x19a71d,110011010011100011101
3651,0x14eae2,101001110101011100010
3652,0x1a55ad,110100101010110101101
3653,0x0d92d1,011011001001011010001
3654,0x125d13,100100101110100010011
3655,0x0ca5cd,011001010010111001101
3656,0x175934,101110101100100110100
3657,0x0ec44b,011101100010001001011
3658,0x1371d2,100110111000111010010
3659,0x04e639,001001110011000111001
3660,0x1b9192,110111001000110010010
3661,0x164a6d,101100100101001101101
3662,0x05b496,001011011010010010110
3663,0x126aed,100100110101011101101
3664,0x0cb13b,011001011000100111011
3665,0x11c645,100011100011001000101
3666,0x0a2bb2,010100010101110110010
3667,0x1cd8c8,111001101100011001000
3668,0x17373a,101110011011100111010
3669,0x09d9dc,010011101100111011100
3670,0x133273,100110011001001110011
3671,0x08cdb4,010001100110110110100
3672,0x1b22d9,110110010001011011001
3673,0x164446,101100100010001000110
3674,0x0eba71,011101011101001110001
3675,0x0d674e,011010110011101001110
3676,0x1398cd,100111001100011001101
3677,0x0ce71b,011001110011100011011
3678,0x175cc5,101110101110011000101
3679,0x0a631a,010100110001100011010
3680,0x118ae4,100011000101011100100
3681,0x0c9539,011001001010100111001
3682,0x12624a,100100110001001001010
3683,0x0b9d65,010111001110101100101
3684,0x1476d5,101000111011011010101
3685,0x09ab6e,010011010101101101110
3686,0x1374b3,100110111010010110011
3687,0x0c8b4a,011001000101101001010
3688,0x035cd5,000110101110011010101
3689,0x1ae9aa,110101110100110101010
3690,0x073ad1,001110011101011010001
3691,0x08e52d,010001110010100101101
3692,0x1d1a76,111010001101001110110
3693,0x12b529,100101011010100101001
3694,0x0d72d3,011010111001011010011
3695,0x11c928,100011100100100101000
3696,0x0b3ad7,010110011101011010111
3697,0x14d18e,101001101000110001110
3698,0x0a2c5b,010100010110001011011
3699,0x1d122c,111010001001000101100
3700,0x0acddb,010101100110111011011
3701,0x173526,101110011010100100110
3702,0x044b69,001000100101101101001
3703,0x1cb5d6,111001011010111010110
3704,0x066a65,001100110101001100101
3705,0x1d1496,111010001010010010110
3706,0x02d951,000101101100101010001
3707,0x157468,101010111010001101000
3708,0x048977,001001000100101110111
3709,0x19538d,110010101001110001101
3710,0x04ae73,001001010111001110011
3711,0x135549,100110101010101001001
3712,0x0c8eb2,011001000111010110010
3713,0x17734d,101110111001101001101
3714,0x028cab,000101000110010101011
3715,0x1a6314,110100110001100010100
3716,0x071dcd,001110001110111001101
3717,0x1a4bb2,110100100101110110010
3718,0x0ca26d,011001010001001101101
3719,0x134958,100110100100101011000
3720,0x04bae2,001001011101011100010
3721,0x174e5d,101110100111001011101
3722,0x0ba3b3,010111010001110110011
3723,0x15d89d,101011101100010011101
3724,0x02256d,000100010010101101101
3725,0x0d4894,011010100100010010100
3726,0x11bb5b,100011011101101011011
3727,0x0b4cec,010110100110011101100
3728,0x05b33b,001011011001100111011
3729,0x1aa8d6,110101010100011010110
3730,0x065139,001100101000100111001
3731,0x192ee5,110010010111011100101
3732,0x0e539b,011100101001110011011
3733,0x112d38,100010010110100111000
3734,0x0675d5,001100111010111010101
3735,0x116b62,100010110101101100010
3736,0x0d34ed,011010011010011101101
3737,0x16e258,101101110001001011000
3738,0x0add57,010101101110101010111
3739,0x1763b2,101110110001110110010
3740,0x095c75,010010101110001110101
3741,0x14bb48,101001011101101001000
3742,0x0b44ae,010110100010010101110
3743,0x15b55b,101011011010101011011
3744,0x0b4b14,010110100101100010100
3745,0x14c4e5,101001100010011100101
3746,0x1a6e59,110100110111001011001
3747,0x15138e,101010001001110001110
3748,0x08a974,010001010100101110100
3749,0x077493,001110111010010010011
3750,0x198949,110011000100101001001
3751,0x0276b3,000100111011010110011
3752,0x0dc946,011011100100101000110
3753,0x1666b3,101100110011010110011
3754,0x151a44,101010001101001000100
3755,0x08e9b5,010001110100110110101
3756,0x159c4a,101011001110001001010
3757,0x027275,000100111001001110101
3758,0x19d5aa,110011101010110101010
3759,0x16ae75,101101010111001110101
3760,0x0711ca,001110001000111001010
3761,0x14c624,101001100011000100100
3762,0x139953,100111001100101010011
3763,0x0e5624,011100101011000100100
3764,0x11b5dd,100011011010111011101
3765,0x144636,101000100011000110110
3766,0x0b891d,010111000100100011101
3767,0x1462c5,101000110001011000101
3768,0x09d571,010011101010101110001
3769,0x153b4e,101010011101101001110
3770,0x18c892,110001100100010010010
3771,0x04b32d,001001011001100101101
3772,0x132c73,100110010110001110011
3773,0x18d75c,110001101011101011100
3774,0x174da5,101110100110110100101
3775,0x0bba52,010111011101001010010
3776,0x1651ae,101100101000110101110
3777,0x18aec9,110001010111011001001
3778,0x051276,001010001001001110110
3779,0x04eb49,001001110101101001001
3780,0x1a762c,110100111011000101100
3781,0x051bb2,001010001101110110010
3782,0x1ae45c,110101110010001011100
3783,0x0773b1,001110111001110110001
3784,0x0a8956,010101000100101010110
3785,0x0556cb,001010101011011001011
3786,0x188a95,110001000101010010101
3787,0x127138,100100111000100111000
3788,0x04cad5,001001100101011010101
3789,0x19916a,110011001000101101010
3790,0x0e2b99,011100010101110011001
3791,0x1dd46c,111011101010001101100
3792,0x063115,001100011000100010101
3793,0x19462a,110010100011000101010
3794,0x059dd7,001011001110111010111
3795,0x19628a,110010110001010001010
3796,0x12d95d,100101101100101011101
3797,0x1d1ce2,111010001110011100010
3798,0x06d319,001101101001100011001
3799,0x1a2cec,110100010110011101100
3800,0x0d9d1a,011011001110100011010
3801,0x1b46c9,110110100011011001001
3802,0x05ba76,001011011101001110110
3803,0x1a531a,110100101001100011010
3804,0x05b1a5,001011011000110100101
3805,0x16ca3a,101101100101000111010
3806,0x198dd9,110011000110111011001
3807,0x0663a2,001100110001110100010
3808,0x0d9a9c,011011001101010011100
3809,0x0aed53,010101110110101010011
3810,0x1492c8,101001001001011001000
3811,0x096b11,010010110101100010001
3812,0x1696ac,101101001011010101100
3813,0x03595b,000110101100101011011
3814,0x14966c,101001001011001101100
3815,0x0d6cda,011010110110011011010
3816,0x12d26d,100101101001001101101
3817,0x092c8b,010010010110010001011
3818,0x159364,101011001001101100100
3819,0x1a2e9d,110100010111010011101
3820,0x04dc66,001001101110001100110
3821,0x0d22dd,011010010001011011101
3822,0x1644a2,101100100010010100010
3823,0x099b5c,010011001101101011100
3824,0x1ae622,110101110011000100010
3825,0x119b98,100011001101110011000
3826,0x0ec64d,011101100011001001101
3827,0x1139a3,100010011100110100011
3828,0x0dc55c,011011100010101011100
3829,0x133bb2,100110011101110110010
3830,0x04c663,001001100011001100011
3831,0x11348d,100010011010010001101
3832,0x18eb12,110001110101100010010
3833,0x1514e8,101010001010011101000
3834,0x0ee39a,011101110001110011010
3835,0x13446e,100110100010001101110
3836,0x0d3b75,011010011101101110101
3837,0x02d64b,000101101011001001011
3838,0x152b25,101010010101100100101
3839,0x06b2da,001101011001011011010
3840,0x19572d,110010101011100101101
3841,0x0da692,011011010011010010010
3842,0x124b5c,100100100101101011100
3843,0x0ce5b9,011001110010110111001
3844,0x0bb962,010111011100101100010
3845,0x14771d,101000111011100011101
3846,0x089aa4,010001001101010100100
3847,0x13745b,100110111010001011011
3848,0x0a8b4c,010101000101101001100
3849,0x115c5b,100010101110001011011
3850,0x0ab1a4,010101011000110100100
3851,0x154c53,101010100110001010011
3852,0x0a5b89,010100101101110001001
3853,0x11a2b6,100011010001010110110
3854,0x16d8c9,101101101100011001001
3855,0x196376,110010110001101110110
3856,0x0d9d29,011011001110100101001
3857,0x0ee746,011101110011101000110
3858,0x138cbb,100111000110010111011
3859,0x1d534e,111010101001101001110
3860,0x1ba5d1,110111010010111010001
3861,0x046b27,001000110101100100111
3862,0x09c5d1,010011100010111010001
3863,0x168a68,101101000101001101000
3864,0x0c7111,011000111000100010001
3865,0x1d8a8e,111011000101010001110
3866,0x135735,100110101011100110101
3867,0x14a29a,101001010001010011010
3868,0x0b4c47,010110100110001000111
3869,0x11b73a,100011011011100111010
3870,0x076a4d,001110110101001001101
3871,0x18c6b9,110001100011010111001
3872,0x13b146,100111011000101000110
3873,0x0e45b9,011100100010110111001
3874,0x15d254,101011101001001010100
3875,0x03398b,000110011100110001011
3876,0x1dd672,111011101011001110010
3877,0x028d95,000101000110110010101
3878,0x1db3aa,111011011001110101010
3879,0x0554d5,001010101010011010101
3880,0x0ea22b,011101010001000101011
3881,0x17158c,101110001010110001100
3882,0x0ca973,011001010100101110011
3883,0x1a528d,110100101001010001101
3884,0x04a46b,001001010010001101011
3885,0x19db18,110011101101100011000
3886,0x062c6a,001100010110001101010
3887,0x0b9995,010111001100110010101
3888,0x1a262a,110100010011000101010
3889,0x075175,001110101000101110101
3890,0x12b4ab,100101011010010101011
3891,0x1d4446,111010100010001000110
3892,0x08dbac,010001101101110101100
3893,0x1734d5,101110011010011010101
3894,0x08e96d,010001110100101101101
3895,0x1696d2,101101001011011010010
3896,0x092d2d,010010010110100101101
3897,0x06d45b,001101101010001011011
3898,0x1122e5,100010010001011100101
3899,0x0d891c,011011000100100011100
3900,0x1254eb,100100101010011101011
3901,0x19ad14,110011010110100010100
3902,0x0e36ce,011100011011011001110
3903,0x034927,000110100100100100111
3904,0x1d7398,111010111001110011000
3905,0x168ce3,101101000110011100011
3906,0x11776c,100010111011101101100
3907,0x0e68b4,011100110100010110100
3908,0x11d223,100011101001000100011
3909,0x0a35d4,010100011010111010100
3910,0x15498b,101010100100110001011
3911,0x0a6676,010100110011001110110
3912,0x11db89,100011101101110001001
3913,0x0d64e6,011010110010011100110
3914,0x18d989,110001101100110001001
3915,0x173645,101110011011001000101
3916,0x0a49ac,010100100100110101100
3917,0x11b4c5,100011011010011000101
3918,0x0c9b73,011001001101101110011
3919,0x12449d,100100100010010011101
3920,0x0b3a4a,010110011101001001010
3921,0x16558d,101100101010110001101
3922,0x0dcc77,011011100110001110111
3923,0x163518,101100011010100011000
3924,0x0954ed,010010101010011101101
3925,0x146311,101000110001100010001
3926,0x029dc7,000101001110111000111
3927,0x092a2d,010010010101000101101
3928,0x067397,001100111001110010111
3929,0x0d8ea9,011011000111010101001
3930,0x0ae644,010101110011001000100
3931,0x0599b9,001011001100110111001
3932,0x0d66d6,011010110011011010110
3933,0x0ab52d,010101011010100101101
3934,0x154ace,101010100101011001110
3935,0x08a539,010001010010100111001
3936,0x0746cd,001110100011011001101
3937,0x1b2d3a,110110010110100111010
3938,0x0352a5,000110101001010100101
3939,0x14ec9b,101001110110010011011
3940,0x099566,010011001010101100110
3941,0x096ad9,010010110101011011001
3942,0x1d9744,111011001011101000100
3943,0x0a8aa3,010101000101010100011
3944,0x1d34d8,111010011010011011000
3945,0x04ea35,001001110101000110101
3946,0x0b9159,010111001000101011001
3947,0x176ca2,101110110110010100010
3948,0x0ab391,010101011001110010001
3949,0x0c5d67,011000101110101100111
3950,0x12a28d,100101010001010001101
3951,0x075c5b,001110101110001011011
3952,0x15b8a5,101011011100010100101
3953,0x164652,101100100011001010010
3954,0x0da925,011011010100100100101
3955,0x1246b4,100100100011010110100
3956,0x1d2b22,111010010101100100010
3957,0x0ae5d9,010101110010111011001
3958,0x171222,101110001001000100010
3959,0x18edda,110001110110111011010
3960,0x0d72e5,011010111001011100101
3961,0x15ad93,101011010110110010011
3962,0x0ed1cc,011101101000111001100
3963,0x113a3b,100010011101000111011
3964,0x06cdcd,001101100110111001101
3965,0x11a6e3,100011010011011100011
3966,0x0b6936,010110110100100110110
3967,0x04b4ed,001001011010011101101
3968,0x118b93,100011000101110010011
3969,0x18d4ac,110001101010010101100
3970,0x046931,001000110100100110001
3971,0x0ac68c,010101100011010001100
3972,0x152bbb,101010010101110111011
3973,0x0b8c54,010111000110001010100
3974,0x14718d,101000111000110001101
3975,0x0b6e6a,010110110111001101010
3976,0x19d115,110011101000100010101
3977,0x0eaaec,011101010101011101100
3978,0x11454b,100010100010101001011
3979,0x1cae24,111001010111000100100
3980,0x0b555a,010110101010101011010
3981,0x15aaa4,101011010101010100100
3982,0x1a9756,110101001011101010110
3983,0x0d6d8c,011010110110110001100
3984,0x128e76,100101000111001110110
3985,0x157199,101010111000110011001
3986,0x08976c,010001001011101101100
3987,0x1364e3,100110110010011100011
3988,0x1d8a54,111011000101001010100
3989,0x0e752e,011100111010100101110
3990,0x088e71,010001000111001110001
3991,0x171388,101110001001110001000
3992,0x048cb7,001001000110010110111
3993,0x19694d,110010110100101001101
3994,0x02d2d7,000101101001011010111
3995,0x1cac88,111001010110010001000
3996,0x131b6e,100110001101101101110
3997,0x14e771,101001110011101110001
3998,0x0b8bae,010111000101110101110
3999,0x14b532,101001011010100110010
4000,0x09caed,010011100101011101101
4001,0x168d15,101101000110100010101
4002,0x09b2ca,010011011001011001010
4003,0x114db5,100010100110110110101
4004,0x0d92ee,011011001001011101110
4005,0x1b6715,110110110011100010101
4006,0x14b92a,101001011100100101010
4007,0x0346e5,000110100011011100101
4008,0x06baba,001101011101010111010
4009,0x196d62,110010110110101100010
4010,0x16d295,101101101001010010101
4011,0x0a35a9,010100011010110101001
4012,0x19d976,110011101100101110110
4013,0x152c89,101010010110010001001
4014,0x1ad971,110101101100101110001
4015,0x05248e,001010010010010001110
4016,0x045b71,001000101101101110001
4017,0x12aa8e,100101010101010001110
4018,0x0b3525,010110011010100100101
4019,0x15c4b8,101011100010010111000
4020,0x08b724,010001011011100100100
4021,0x174996,101110100100110010110
4022,0x18b22d,110001011001000101101
4023,0x06d9b7,001101101100110110111
4024,0x1b3664,110110011011001100100
4025,0x18ec89,110001110110010001001
4026,0x17732a,101110111001100101010
4027,0x09ce35,010011100111000110101
4028,0x12318e,100100011000110001110
4029,0x0c4653,011000100011001010011
4030,0x12b9ad,100101011100110101101
4031,0x0d6726,011010110011100100110
4032,0x12b8c6,100101011100011000110
4033,0x196eb8,110010110111010111000
4034,0x1259ce,100100101100111001110
4035,0x11b4b1,100011011010010110001
4036,0x1a5744,110100101011101000100
4037,0x0d71b9,011010111000110111001
4038,0x138c74,100111000110001110100
4039,0x1cd1ac,111001101000110101100
4040,0x0ae66b,010101110011001101011
4041,0x13998e,100111001100110001110
4042,0x0e2e69,011100010111001101001
4043,0x13b993,100111011100110010011
4044,0x0e8e26,011101000111000100110
4045,0x11544d,100010101010001001101
4046,0x0db73a,011011011011100111010
4047,0x1b62c5,110110110001011000101
4048,0x089c9b,010001001110010011011
4049,0x0e7544,011100111010101000100
4050,0x15da38,101011101101000111000
4051,0x0ba967,010111010100101100111
4052,0x14569c,101000101011010011100
4053,0x0b4965,010110100100101100101
4054,0x15b718,101011011011100011000
4055,0x1245a6,100100100010110100110
4056,0x055251,001010101001001010001
4057,0x199d26,110011001110100100110
4058,0x04e2cd,001001110001011001101
4059,0x1354b8,100110101010010111000
4060,0x063a25,001100011101000100101
4061,0x11ac9a,100011010110010011010
4062,0x035331,000110101001100110001
4063,0x168eec,101101000111011101100
4064,0x0b549b,010110101010010011011
4065,0x15da66,101011101101001100110
4066,0x1a2739,110100010011100111001
4067,0x15b8b2,101011011100010110010
4068,0x0e371d,011100011011100011101
4069,0x13aea8,100111010111010101000
4070,0x0d5c57,011010101110001010111
4071,0x0aa2e9,010101010001011101001
4072,0x157755,101010111011101010101
4073,0x0e89ad,011101000100110101101
4074,0x1c7454,111000111010001010100
4075,0x098b29,010011000101100101001
4076,0x13b694,100111011011010010100
4077,0x096d73,010010110110101110011
4078,0x16388d,101100011100010001101
4079,0x1b49d2,110110100100111010010
4080,0x059a37,001011001101000110111
4081,0x196dac,110010110110110101100
4082,0x16a24b,101101010001001001011
4083,0x0a75b6,010100111010110110110
4084,0x172e29,101110010111000101001
4085,0x0c95c4,011001001010111000100
4086,0x134a2c,100110100101000101100
4087,0x0e39b9,011100011100110111001
4088,0x139624,100111001011000100100
4089,0x0e496b,011100100100101101011
4090,0x13ae35,100111010111000110101
4091,0x14b5ce,101001011010111001110
4092,0x0ba339,010111010001100111001
4093,0x174e8e,101110100111010001110
4094,0x08d351,010001101001101010001
4095,0x0668ee,001100110100011101110
4096,0x1ab749,110101011011101001001
4097,0x118966,100011000100101100110
4098,0x0252bb,000100101001010111011
4099,0x1cbb46,111001011101101000110
4100,0x02cced,000101100110011101101
4101,0x1b3b52,110110011101101010010
4102,0x18c4b5,110001100010010110101
4103,0x17395b,101110011100101011011
4104,0x0ad6b9,010101101011010111001
4105,0x136b8e,100110110101110001110
4106,0x08ae39,010001010111000111001
4107,0x1699d4,101101001100111010100
4108,0x0a726b,010100111001001101011
4109,0x158974,101011000100101110100
4110,0x0eb4aa,011101011010010101010
4111,0x19cb9d,110011100101110011101
4112,0x1638c8,101100011100011001000
4113,0x0dc732,011011100011100110010
4114,0x036b8d,000110110101110001101
4115,0x08d4ba,010001101010010111010
4116,0x122b96,100100010101110010110
4117,0x091d59,010010001110101011001
4118,0x1c66ce,111000110011011001110
4119,0x0b9d19,010111001110100011001
4120,0x1d74c4,111010111010011000100
4121,0x023bb7,000100011101110110111
4122,0x15a568,101011010010101101000
4123,0x096891,010010110100010010001
4124,0x1a91aa,110101001000110101010
4125,0x0d4e47,011010100111001000111
4126,0x12253a,100100010010100111010
4127,0x0c98e6,011001001100011100110
4128,0x12e639,100101110011000111001
4129,0x1519d6,101010001100111010110
4130,0x1aae48,110101010111001001000
4131,0x11d12e,100011101000100101110
4132,0x0e8ae2,011101000101011100010
4133,0x1165b9,100010110010110111001
4134,0x16ba4c,101101011101001001100
4135,0x09ccaa,010011100110010101010
4136,0x047355,001000111001101010101
4137,0x1a58e2,110100101100011100010
4138,0x0aa71c,010101010011100011100
4139,0x145daa,101000101110110101010
4140,0x08ab11,010001010101100010001
4141,0x1d34ee,111010011010011101110
4142,0x034a31,000110100101000110001
4143,0x18a566,110001010010101100110
4144,0x16d69b,101101101011010011011
4145,0x0a29b5,010100010100110110101
4146,0x056c4a,001010110110001001010
4147,0x18b1b6,110001011000110110110
4148,0x035a6b,000110101101001101011
4149,0x1935d4,110010011010111010100
4150,0x148ea3,101001000111010100011
4151,0x1b6554,110110110010101010100
4152,0x071ac7,001110001101011000111
4153,0x18c538,110001100010100111000
4154,0x0336a7,000110011011010100111
4155,0x11dd54,100011101110101010100
4156,0x07272a,001110010011100101010
4157,0x11dab1,100011101101010110001
4158,0x0aad5c,010101010110101011100
4159,0x0dc6ba,011011100011010111010
4160,0x033917,000110011100100010111
4161,0x11464c,100010100011001001100
4162,0x06ba8b,001101011101010001011
4163,0x156736,101010110011100110110
4164,0x0b38dd,010110011100011011101
4165,0x14e676,101001110011001110110
4166,0x0b1189,010110001000110001001
4167,0x06ece5,001101110110011100101
4168,0x11715b,100010111000101011011
4169,0x0aee6e,010101110111001101110
4170,0x159389,101011001001110001001
4171,0x0b2c62,010110010110001100010
4172,0x1c8a96,111001000101010010110
4173,0x02e54b,000101110010101001011
4174,0x091a74,010010001101001110100
4175,0x166d13,101100110110100010011
4176,0x0bb26a,010111011001001101010
4177,0x0249d7,000100100100111010111
4178,0x0da72d,011011010011100101101
4179,0x12cad5,100101100101011010101
4180,0x1db122,111011011000100100010
4181,0x1666dd,101100110011011011101
4182,0x08d12e,010001101000100101110
4183,0x03a759,000111010011101011001
4184,0x1ddd16,111011101110100010110
4185,0x02e265,000101110001001100101
4186,0x17399c,101110011100110011100
4187,0x0aca71,010101100101001110001
4188,0x19ac8e,110011010110010001110
4189,0x046757,001000110011101010111
4190,0x19aab8,110011010101010111000
4191,0x064d4a,001100100110101001010
4192,0x0936dd,010010011011011011101
4193,0x158a62,101011000101001100010
4194,0x03649b,000110110010010011011
4195,0x151975,101010001100101110101
4196,0x19c6a2,110011100011010100010
4197,0x0ea8dd,011101010100011011101
4198,0x1a552a,110100101010100101010
4199,0x04e9cd,001001110100111001101
4200,0x1d529a,111010101001010011010
4201,0x0ea267,011101010001001100111
4202,0x189d18,110001001110100011000
4203,0x132ee3,100110010111011100011
4204,0x04b916,001001011100100010110
4205,0x1b44e4,110110100010011100100
4206,0x06e396,001101110001110010110
4207,0x11136d,100010001001101101101
4208,0x16c4da,101101100010011011010
4209,0x092b9c,010010010101110011100
4210,0x06d273,001101101001001110011
4211,0x15298e,101010010100110001110
4212,0x06d4d1,001101101010011010001
4213,0x1b33aa,110110011001110101010
4214,0x14e519,101001110010100011001
4215,0x0c52e6,011000101001011100110
4216,0x0ba711,010111010011100010001
4217,0x12d1c6,100101101000111000110
4218,0x094739,010010100011100111001
4219,0x06b645,001101011011001000101
4220,0x11599d,100010101100110011101
4221,0x0d6e52,011010110111001010010
4222,0x169988,101101001100110001000
4223,0x0c463b,011000100011000111011
4224,0x118b48,100011000101101001000
4225,0x1645b4,101100100010110110100
4226,0x0aba45,010101011101001000101
4227,0x136512,100110110010100010010
4228,0x18ca8d,110001100101010001101
4229,0x07312a,001110011000100101010
4230,0x1ce8cc,111001110100011001100
4231,0x1396b5,100111001011010110101
4232,0x1a6b48,110100110101101001000
4233,0x0394d3,000111001010011010011
4234,0x0e2ba6,011100010101110100110
4235,0x117251,100010111001001010001
4236,0x0628ba,001100010100010111010
4237,0x099754,010011001011101010100
4238,0x066bae,001100110101110101110
4239,0x1da454,111011010010001010100
4240,0x02536b,000100101001101101011
4241,0x0dae95,011011010111010010101
4242,0x0a514a,010100101000101001010
4243,0x15622c,101010110001000101100
4244,0x089513,010001001010100010011
4245,0x1362dd,100110110001011011101
4246,0x05c926,001011100100100100110
4247,0x19169d,110010001011010011101
4248,0x04c557,001001100010101010111
4249,0x1b8a88,110111000101010001000
4250,0x0765d7,001110110010111010111
4251,0x1b973a,110111001011100111010
4252,0x14e5c9,101001110010111001001
4253,0x091ab2,010010001101010110010
4254,0x16254c,101100010010101001100
4255,0x0ad8ab,010101101100010101011
4256,0x073757,001110011011101010111
4257,0x19596a,110010101100101101010
4258,0x06b5b5,001101011010110110101
4259,0x194a76,110010100101001110110
4260,0x12b4db,100101011010011011011
4261,0x0b6e34,010110110111000110100
4262,0x11114b,100010001000101001011
4263,0x0e76b6,011100111011010110110
4264,0x0b89c9,010111000100111001001
4265,0x174472,101110100010001110010
4266,0x0a8ba4,010101000101110100100
4267,0x15b259,101011011001001011001
4268,0x0a2e24,010100010111000100100
4269,0x119912,100011001100100010010
4270,0x0b6d4d,010110110110101001101
4271,0x169b35,101101001101100110101
4272,0x1a44da,110100100010011011010
4273,0x155b45,101010101101101000101
4274,0x08a5b3,010001010010110110011
4275,0x0b5a5d,010110101101001011101
4276,0x06a4ae,001101010010010101110
4277,0x133971,100110011100101110001
4278,0x0dd6d4,011011101011011010100
4279,0x172323,101110010001100100011
4280,0x18d1ce,110001101000111001110
4281,0x036c59,000110110110001011001
4282,0x193124,110010011000100100100
4283,0x0acb5b,010101100101101011011
4284,0x17112c,101110001000100101100
4285,0x12e5db,100101110010111011011
4286,0x055131,001010101000100110001
4287,0x1b8ce8,110111000110011101000
4288,0x1d7176,111010111000101110110
4289,0x0bae9d,010111010111010011101
4290,0x164926,101100100100100100110
4291,0x19a6dd,110011010011011011101
4292,0x06cd32,001101100110100110010
4293,0x1b64ed,110110110010011101101
4294,0x06a952,001101010100101010010
4295,0x1176e3,100010111011011100011
4296,0x0ca944,011001010100101000100
4297,0x0314ab,000110001010010101011
4298,0x18cad8,110001100101011011000
4299,0x066723,001100110011100100011
4300,0x19add5,110011010110111010101
4301,0x0776e2,001110111011011100010
4302,0x196925,110010110100100100101
4303,0x068c96,001101000110010010110
4304,0x1bb729,110111011011100101001
4305,0x1c49da,111000100100111011010
4306,0x139525,100111001010100100101
4307,0x0c5aca,011000101101011001010
4308,0x08a475,010001010010001110101
4309,0x165b99,101100101101110011001
4310,0x05956e,001011001010101101110
4311,0x1a4e91,110100100111010010001
4312,0x049477,001001001010001110111
4313,0x166bb8,101100110101110111000
4314,0x089763,010001001011101100011
4315,0x07549d,001110101010010011101
4316,0x1cad32,111001010110100110010
4317,0x0b5745,010110101011101000101
4318,0x158e9b,101011000111010011011
4319,0x0a5b4c,010100101101101001100
4320,0x0444bb,001000100010010111011
4321,0x1b1dc5,110110001110111000101
4322,0x146a8a,101000110101010001010
4323,0x0eddb1,011101101110110110001
4324,0x19aa8a,110011010101010001010
4325,0x06d573,001101101010101110011
4326,0x0ba2ad,010111010001010101101
4327,0x14d446,101001101010001000110
4328,0x1b2b91,110110010101110010001
4329,0x145d2c,101000101110100101100
4330,0x0b325d,010110011001001011101
4331,0x16d5a6,101101101010110100110
4332,0x052b4d,001010010101101001101
4333,0x169db8,101101001110110111000
4334,0x08eae5,010001110101011100101
4335,0x131458,100110001010001011000
4336,0x06ab97,001101010101110010111
4337,0x0b1639,010110001011000111001
4338,0x1ccdca,111001100110111001010
4339,0x072a73,001110010101001110011
4340,0x14d11d,101001101000100011101
4341,0x0e25ca,011100010010111001010
4342,0x18c911,110001100100100010001
4343,0x1396e6,100111001011011100110
4344,0x066915,001100110100100010101
4345,0x14d28a,101001101001010001010
4346,0x112975,100010010100101110101
4347,0x1755aa,101110101010110101010
4348,0x08bb76,010001011101101110110
4349,0x1546ad,101010100011010101101
4350,0x022b53,000100010101101010011
4351,0x1752a8,101110101001010101000
4352,0x08dd35,010001101110100110101
4353,0x074a8a,001110100101010001010
4354,0x0cd465,011001101010001100101
4355,0x166d98,101100110110110011000
4356,0x0392a3,000111001001010100011
4357,0x0e65d6,011100110010111010110
4358,0x08ca2b,010001100101000101011
4359,0x1274e5,100100111010011100101
4360,0x0b9393,010111001001110010011
4361,0x11cce5,100011100110011100101
4362,0x0ce39c,011001110001110011100
4363,0x138c5a,100111000110001011010
4364,0x0e62e5,011100110001011100101
4365,0x134d3a,100110100110100111010
4366,0x1ab265,110101011001001100101
4367,0x144532,101000100010100110010
4368,0x0a3acd,010100011101011001101
4369,0x05a472,001011010010001110010
4370,0x02dd4d,000101101110101001101
4371,0x1d6aac,111010110101010101100
4372,0x06b577,001101011010101110111
4373,0x118aad,100011000101010101101
4374,0x167592,101100111010110010010
4375,0x039b5d,000111001101101011101
4376,0x1629a3,101100010100110100011
4377,0x08d4dd,010001101010011011101
4378,0x06ad66,001101010110101100110
4379,0x09329c,010010011001010011100
4380,0x06c96a,001101100100101101010
4381,0x1174d4,100010111010011010100
4382,0x129a2b,100101001101000101011
4383,0x1d2564,111010010010101100100
4384,0x0a998b,010101001100110001011
4385,0x11a75c,100011010011101011100
4386,0x08d8a7,010001101100010100111
4387,0x12ae5d,100101010111001011101
4388,0x0e5134,011100101000100110100
4389,0x152edc,101010010111011011100
4390,0x0a4d34,010100100110100110100
4391,0x15bb29,101011011101100101001
4392,0x0b65b3,010110110010110110011
4393,0x169228,101101001001000101000
4394,0x08cdb3,010001100110110110011
4395,0x1552cd,101010101001011001101
4396,0x18a731,110001010011100110001
4397,0x044c4b,001000100110001001011
4398,0x1ba8b1,110111010100010110001
4399,0x04974b,001001001011101001011
4400,0x12e931,100101110100100110001
4401,0x0e4644,011100100011001000100
4402,0x05b8b7,001011011100010110111
4403,0x1b46d4,110110100011011010100
4404,0x16b8a3,101101011100010100011
4405,0x095734,010010101011100110100
4406,0x1a8c69,110101000110001101001
4407,0x076257,001110110001001010111
4408,0x189169,110001001000101101001
4409,0x072896,001110010100010010110
4410,0x129468,100101001010001101000
4411,0x052737,001010010011100110111
4412,0x0ed5c9,011101101010111001001
4413,0x11a254,100011010001001010100
4414,0x0e46ad,011100100011010101101
4415,0x11b924,100011011100100100100
4416,0x04ce8d,001001100111010001101
4417,0x13325a,100110011001001011010
4418,0x065db5,001100101110110110101
4419,0x0d325a,011010011001001011010
4420,0x0689b1,001101000100110110001
4421,0x19328d,110010011001010001101
4422,0x04d575,001001101010101110101
4423,0x1738ce,101110011100011001110
4424,0x05c529,001011100010100101001
4425,0x18ae45,110001010111001000101
4426,0x0375bb,000110111010110111011
4427,0x18dc45,110001101110001000101
4428,0x0725b6,001110010010110110110
4429,0x12d2d1,100101101001011010001
4430,0x0c4b6e,011000100101101101110
4431,0x1275d3,100100111010111010011
4432,0x059b67,001011001101101100111
4433,0x1665b9,101100110010110111001
4434,0x115236,100010101001000110110
4435,0x0ccccb,011001100110011001011
4436,0x13719d,100110111000110011101
4437,0x118c72,100011000110001110010
4438,0x0a7259,010100111001001011001
4439,0x055d25,001010101110100100101
4440,0x1ae256,110101110001001010110
4441,0x0d59d9,011010101100111011001
4442,0x168dac,101101000110110101100
4443,0x18d771,110001101011101110001
4444,0x171c4c,101110001110001001100
4445,0x0db3b3,011011011001110110011
4446,0x12dcce,100101101110011001110
4447,0x0e2b63,011100010101101100011
4448,0x14c89c,101001100100010011100
4449,0x0ab6eb,010101011011011101011
4450,0x146951,101000110100101010001
4451,0x0376c7,000110111011011000111
4452,0x0cd91a,011001101100100011010
4453,0x02e5c5,000101110010111000101
4454,0x0d1a5b,011010001101001011011
4455,0x14aeb4,101001010111010110100
4456,0x11925b,100011001001001011011
4457,0x0c64c5,011000110010011000101
4458,0x175ba2,101110101101110100010
4459,0x0ab545,010101011010101000101
4460,0x1d63aa,111010110001110101010
4461,0x0e8cb5,011101000110010110101
4462,0x157149,101010111000101001001
4463,0x0aca46,010101100101001000110
4464,0x1335b8,100110011010110111000
4465,0x06c6d7,001101100011011010111
4466,0x11b16d,100011011000101101101
4467,0x0444d7,001000100010011010111
4468,0x129968,100101001100101101000
4469,0x194e34,110010100111000110100
4470,0x05b117,001011011000100010111
4471,0x1a6cdd,110100110110011011101
4472,0x14b333,101001011001100110011
4473,0x1d6c44,111010110110001000100
4474,0x0a53a7,010100101001110100111
4475,0x16addc,101101010110111011100
4476,0x0e5b26,011100101101100100110
4477,0x0bac91,010111010110010010001
4478,0x045666,001000101011001100110
4479,0x11a318,100011010001100011000
4480,0x0638e6,001100011100011100110
4481,0x14c53b,101001100010100111011
4482,0x0bb364,010111011001101100100
4483,0x1458bb,101000101100010111011
4484,0x12e76e,100101110011101101110
4485,0x19d8b9,110011101100010111001
4486,0x1a2252,110100010001001010010
4487,0x05dc6b,001011101110001101011
4488,0x0eb136,011101011000100110110
4489,0x1159cb,100010101100111001011
4490,0x08e6e6,010001110011011100110
4491,0x135a9d,100110101101010011101
4492,0x0d244b,011010010010001001011
4493,0x1ad991,110101101100110010001
4494,0x07622a,001110110001000101010
4495,0x19d5b5,110011101010110110101
4496,0x172c58,101110010110001011000
4497,0x0cd936,011001101100100110110
4498,0x1b3658,110110011011001011000
4499,0x14c9d5,101001100100111010101
4500,0x193272,110010011001001110010
4501,0x0ecd45,011101100110101000101
4502,0x1516b3,101010001011010110011
4503,0x1ad54e,110101101010101001110
4504,0x046b89,001000110101110001001
4505,0x0ed556,011101101010101010110
4506,0x196eb5,110010110111010110101
4507,0x0695cb,001101001010111001011
4508,0x0c6a36,011000110101000110110
4509,0x133488,100110011010010001000
4510,0x0cea72,011001110101001110010
4511,0x13b89d,100111011100010011101
4512,0x165563,101100101010101100011
4513,0x0b8c9c,010111000110010011100
4514,0x16a362,101101010001101100010
4515,0x197698,110010111011010011000
4516,0x0ab12e,010101011000100101110
4517,0x0744d3,001110100010011010011
4518,0x1b1b24,110110001101100100100
4519,0x14a2eb,101001010001011101011
4520,0x097193,010010111000110010011
4521,0x162ec5,101100010111011000101
4522,0x0db56a,011011011010101101010
4523,0x145a95,101000101101010010101
4524,0x02344b,000100011010001001011
4525,0x1d8bb4,111011000101110110100
4526,0x0a3223,010100011001000100011
4527,0x1999d8,110011001100111011000
4528,0x0e2525,011100010010100100101
4529,0x111a56,100010001101001010110
4530,0x1ca388,111001010001110001000
4531,0x175a71,101110101101001110001
4532,0x1aa5c4,110101010010111000100
4533,0x0cca3a,011001100101000111010
4534,0x16b4cc,101101011010011001100
4535,0x08d223,010001101001000100011
4536,0x05a559,001011010010101011001
4537,0x1b5a92,110110101101010010010
4538,0x04d5ad,001001101010110101101
4539,0x1b8a36,110111000101000110110
4540,0x1496cb,101001001011011001011
4541,0x0b6b24,010110110101100100100
4542,0x06b1d7,001101011000111010111
4543,0x191b2a,110010001101100101010
4544,0x16d4d4,101101101010011010100
4545,0x0d276a,011010010011101101010
4546,0x08d591,010001101010110010001
4547,0x1d22ca,111010010001011001010
4548,0x16d671,101101101011001110001
4549,0x0e2a8d,011100010101010001101
4550,0x115571,100010101010101110001
4551,0x0a3aee,010100011101011101110
4552,0x15c534,101011100010100110100
4553,0x08b289,010001011001010001001
4554,0x1d1da4,111010001110110100100
4555,0x126a51,100100110101001010001
4556,0x1d9166,111011001000101100110
4557,0x0aabb9,010101010101110111001
4558,0x055567,001010101010101100111
4559,0x1a6ba8,110100110101110101000
4560,0x159471,101011001010001110001
4561,0x0e624c,011100110001001001100
4562,0x0913a3,010010001001110100011
4563,0x12a475,100101010010001110101
4564,0x0919cb,010010001100111001011
4565,0x12231d,100100010001100011101
4566,0x15cee3,101011100111011100011
4567,0x089396,010001001001110010110
4568,0x0e4d29,011100100110100101001
4569,0x04a346,001001010001101000110
4570,0x1b5c9a,110110101110010011010
4571,0x0e8b34,011101000101100110100
4572,0x0244e3,000100100010011100011
4573,0x1cb912,111001011100100010010
4574,0x044669,001000100011001101001
4575,0x1a99ca,110101001100111001010
4576,0x0c74b7,011000111010010110111
4577,0x13a9cc,100111010100111001100
4578,0x08ce27,010001100111000100111
4579,0x175b59,101110101101101011001
4580,0x08a8eb,010001010100011101011
4581,0x135654,100110101011001010100
4582,0x049ba9,001001001101110101001
4583,0x1b7372,110110111001101110010
4584,0x16c4dd,101101100010011011101
4585,0x0a38e2,010100011100011100010
4586,0x15cb12,101011100101100010010
4587,0x0c7124,011000111000100100100
4588,0x0312d7,000110001001011010111
4589,0x12ec48,100101110110001001000
4590,0x0c9b16,011001001101100010110
4591,0x13364b,100110011011001001011
4592,0x0cdb35,011001101101100110101
4593,0x19348a,110010011010010001010
4594,0x06ca6b,001101100101001101011
4595,0x0d171d,011010001011100011101
4596,0x0aa8e4,010101010100011100100
4597,0x047517,001000111010100010111
4598,0x09ca64,010011100101001100100
4599,0x162db5,101100010110110110101
4600,0x0a568a,010100101011010001010
4601,0x18e8d5,110001110100011010101
4602,0x06522e,001100101001000101110
4603,0x0999cd,010011001100111001101
4604,0x04a736,001001010011100110110
4605,0x0a4a4d,010100100101001001101
4606,0x052dab,001010010110110101011
4607,0x0a4ec4,010100100111011000100
4608,0x0519da,001010001100111011010
4609,0x188e5d,110001000111001011101
4610,0x1538e6,101010011100011100110
4611,0x0ed71a,011101101011100011010
4612,0x116aeb,100010110101011101011
4613,0x0a8d14,010101000110100010100
4614,0x11666e,100010110011001101110
4615,0x0ad392,010101101001110010010
4616,0x1136e8,100010011011011101000
4617,0x0e4953,011100100100101010011
4618,0x1d96a4,111011001011010100100
4619,0x127159,100100111000101011001
4620,0x09a8e6,010011010100011100110
4621,0x174b13,101110100101100010011
4622,0x1bbacc,110111011101011001100
4623,0x075d93,001110101110110010011
4624,0x15a26a,101011010001001101010
4625,0x0e5954,011100101100101010100
4626,0x19ceea,110011100111011101010
4627,0x0d3351,011010011001101010001
4628,0x114dae,100010100110110101110
4629,0x0ea353,011101010001101010011
4630,0x11d58e,100011101010110001110
4631,0x0bace3,010111010110011100011
4632,0x147268,101000111001001101000
4633,0x0b4d3b,010110100110100111011
4634,0x06b34e,001101011001101001110
4635,0x09489a,010010100100010011010
4636,0x173469,101110011010001101001
4637,0x0a4a26,010100100101000100110
4638,0x0da5cb,011011010010111001011
4639,0x131696,100110001011010010110
4640,0x0e71ca,011100111000111001010
4641,0x059d71,001011001110101110001
4642,0x1a69cc,110100110100111001100
4643,0x02d463,000101101010001100011
4644,0x0d13a4,011010001001110100100
4645,0x126459,100100110010001011001
4646,0x0edb46,011101101101101000110
4647,0x136e8c,100110110111010001100
4648,0x0a972b,010101001011100101011
4649,0x176c56,101110110110001010110
4650,0x1888a9,110001000100010101001
4651,0x1755d6,101110101010111010110
4652,0x046a39,001000110101000111001
4653,0x1ac5ca,110101100010111001010
4654,0x0d711d,011010111000100011101
4655,0x068b92,001101000101110010010
4656,0x0d7445,011010111010001000101
4657,0x13aa3a,100111010101000111010
4658,0x0b4dc9,010110100110111001001
4659,0x04b712,001001011011100010010
4660,0x1d4a64,111010100101001100100
4661,0x16d52b,101101101010100101011
4662,0x09a6d7,010011010011011010111
4663,0x0e4522,011100100010100100010
4664,0x13234d,100110010001101001101
4665,0x0ce897,011001110100010010111
4666,0x1b1564,110110001010101100100
4667,0x1669da,101100110100111011010
4668,0x1a98a5,110101001100010100101
4669,0x054ddb,001010100110111011011
4670,0x0ed36c,011101101001101101100
4671,0x112c45,100010010110001000101
4672,0x0b73a2,010110111001110100010
4673,0x144cd6,101000100110011010110
4674,0x0ba34b,010111010001101001011
4675,0x1474ba,101000111010010111010
4676,0x039975,000111001100101110101
4677,0x06254b,001100010010101001011
4678,0x1894b8,110001001010010111000
4679,0x06eb5d,001101110101101011101
4680,0x15b563,101011011010101100011
4681,0x0ee88c,011101110100010001100
4682,0x139656,100111001011001010110
4683,0x146d28,101000110110100101000
4684,0x0751d3,001110101000111010011
4685,0x192b24,110010010101100100100
4686,0x165458,101100101010001011000
4687,0x092337,010010010001100110111
4688,0x1354ec,100110101010011101100
4689,0x049399,001001001001110011001
4690,0x0a2c46,010100010110001000110
4691,0x1591b4,101011001000110110100
4692,0x08e659,010001110011001011001
4693,0x1388a6,100111000100010100110
4694,0x09625d,010010110001001011101
4695,0x129d16,100101001110100010110
4696,0x052ee3,001010010111011100011
4697,0x0e9d1d,011101001110100011101
4698,0x11722e,100010111001000101110
4699,0x0ec497,011101100010010010111
4700,0x13b938,100111011100100111000
4701,0x0e56b5,011100101011010110101
4702,0x13a94a,100111010100101001010
4703,0x066636,001100110011000110110
4704,0x1591d9,101011001000111011001
4705,0x067336,001100111001100110110
4706,0x1d8a4a,111011000101001001010
4707,0x163775,101100011011101110101
4708,0x0ada4a,010101101101001001010
4709,0x166765,101100110011101100101
4710,0x18925a,110001001001001011010
4711,0x1749b3,101110100100110110011
4712,0x0d326e,011010011001001101110
4713,0x126d9b,100100110110110011011
4714,0x14b144,101001011000101000100
4715,0x1b16ad,110110001011010101101
4716,0x16a976,101101010100101110110
4717,0x115249,100010101001001001001
4718,0x0e29ce,011100010100111001110
4719,0x055735,001010101011100110101
4720,0x0c8cc6,011001000110011000110
4721,0x13192d,100110001100100101101
4722,0x09a776,010011010011101110110
4723,0x13548b,100110101010010001011
4724,0x15ca74,101011100101001110100
4725,0x0314b1,000110001010010110001
4726,0x156d4e,101010110110101001110
4727,0x12b194,100101011000110010100
4728,0x05cd2a,001011100110100101010
4729,0x1a3244,110100011001001000100
4730,0x116cb3,100010110110010110011
4731,0x0eb756,011101011011101010110
4732,0x1dcdac,111011100110110101100
4733,0x092353,010010010001101010011
4734,0x075cae,001110101110010101110
4735,0x19a352,110011010001101010010
4736,0x07446d,001110100010001101101
4737,0x1b9b8a,110111001101110001010
4738,0x024d77,000100100110101110111
4739,0x15b449,101011011010001001001
4740,0x0c5d16,011000101110100010110
4741,0x19236c,110010010001101101100
4742,0x0e48d5,011100100100011010101
4743,0x05753a,001010111010100111010
4744,0x0ac667,010101100011001100111
4745,0x0749ca,001110100100111001010
4746,0x189236,110001001001000110110
4747,0x0574e9,001010111010011101001
4748,0x123914,100100011100100010100
4749,0x15dc62,101011101110001100010
4750,0x0e69dc,011100110100111011100
4751,0x05d733,001011101011100110011
4752,0x174944,101110100100101000100
4753,0x0cd69c,011001101011010011100
4754,0x0331a7,000110011000110100111
4755,0x1d4c9c,111010100110010011100
4756,0x1332e2,100110011001011100010
4757,0x0d951c,011011001010100011100
4758,0x1358e6,100110101100011100110
4759,0x04b28d,001001011001010001101
4760,0x114574,100010100010101110100
4761,0x071a8b,001110001101010001011
4762,0x14e594,101001110010110010100
4763,0x0314ed,000110001010011101101
4764,0x1c8b64,111001000101101100100
4765,0x035113,000110101000100010011
4766,0x168aae,101101000101010101110
4767,0x08d457,010001101010001010111
4768,0x171b36,101110001101100110110
4769,0x02c589,000101100010110001001
4770,0x196365,110010110001101100101
4771,0x12dd1a,100101101110100011010
4772,0x05c647,001011100011001000111
4773,0x0b1dbb,010110001110110111011
4774,0x1646cc,101100100011011001100
4775,0x11ae33,100011010111000110011
4776,0x0a45c4,010100100010111000100
4777,0x149736,101001001011100110110
4778,0x162ac9,101100010101011001001
4779,0x0ad135,010101101000100110101
4780,0x1ca8da,111001010100011011010
4781,0x13476d,100110100011101101101
4782,0x0e3497,011100011010010010111
4783,0x154c6c,101010100110001101100
4784,0x062bbb,001100010101110111011
4785,0x11d8c6,100011101100011000110
4786,0x033135,000110011000100110101
4787,0x0ed68e,011101101011010001110
4788,0x19ad6d,110011010110101101101
4789,0x1352d6,100110101001011010110
4790,0x096db1,010010110110110110001
4791,0x169354,101101001001101010100
4792,0x094da5,010010100110110100101
4793,0x129176,100101001000101110110
4794,0x092e9a,010010010111010011010
4795,0x06d967,001101101100101100111
4796,0x1d1b94,111010001101110010100
4797,0x12c72b,100101100011100101011
4798,0x0d1895,011010001100010010101
4799,0x0a4762,010100100011101100010
4800,0x1574ac,101010111010010101100
4801,0x088c72,010001000110001110010
4802,0x03575d,000110101011101011101
4803,0x18a8e2,110001010100011100010
4804,0x04515d,001000101000101011101
4805,0x1ae69a,110101110011010011010
4806,0x049545,001001001010101000101
4807,0x094b33,010010100101100110011
4808,0x169245,101101001001001000101
4809,0x08ed8e,010001110110110001110
4810,0x111a34,100010001101000110100
4811,0x0c9589,011001001010110001001
4812,0x1b2966,110110010100101100110
4813,0x0c7739,011000111011100111001
4814,0x12c8c4,100101100100011000100
4815,0x0bb337,010111011001100110111
4816,0x165c4a,101100101110001001010
4817,0x11b571,100011011010101110001
4818,0x0e4ac7,011100100101011000111
4819,0x11653a,100010110010100111010
4820,0x06d155,001101101000101010101
4821,0x0b6aba,010110110101010111010
4822,0x16374e,101100011011101001110
4823,0x18d8b5,110001101100010110101
4824,0x053349,001010011001101001001
4825,0x1ad6b6,110101101011010110110
4826,0x0d4b59,011010100101101011001
4827,0x16312e,101100011000100101110
4828,0x18da48,110001101101001001000
4829,0x0d29a6,011010010100110100110
4830,0x1a7645,110100111011001000101
4831,0x05a5ba,001011010010110111010
4832,0x1a5d56,110100101110101010110
4833,0x11a5ad,100011010010110101101
4834,0x0a2a36,010100010101000110110
4835,0x159cc9,101011001110011001001
4836,0x08c636,010001100011000110110
4837,0x16b3aa,101101011001110101010
4838,0x0d7495,011010111010010010101
4839,0x128e3b,100101000111000111011
4840,0x0471d6,001000111000111010110
4841,0x1aba38,110101011101000111000
4842,0x065696,001100101011010010110
4843,0x18e9cd,110001110100111001101
4844,0x05929a,001011001001010011010
4845,0x1b252c,110110010010100101100
4846,0x159893,101011001100010010011
4847,0x1124dc,100010010010011011100
4848,0x0e8911,011101000100100010001
4849,0x11b68c,100011011011010001100
4850,0x0e891a,011101000100100011010
4851,0x194eed,110010100111011101101
4852,0x04a34b,001001010001101001011
4853,0x0b4e94,010110100111010010100
4854,0x14d372,101001101001101110010
4855,0x0eaea5,011101010111010100101
4856,0x11591a,100010101100100011010
4857,0x08acc7,010001010110011000111
4858,0x1d572a,111010101011100101010
4859,0x02a91d,000101010100100011101
4860,0x1cd5b2,111001101010110110010
4861,0x139a48,100111001101001001000
4862,0x0d6d16,011010110110100010110
4863,0x18b6ea,110001011011011101010
4864,0x06cd1d,001101100110100011101
4865,0x1ca2d2,111001010001011010010
4866,0x0b1549,010110001010101001001
4867,0x12aa26,100101010101000100110
4868,0x0534d9,001010011010011011001
4869,0x1ce924,111001110100100100100
4870,0x11149b,100010001010010011011
4871,0x16cc64,101101100110001100100
4872,0x0c7699,011000111011010011001
4873,0x0badc6,010111010110111000110
4874,0x1c5288,111000101001010001000
4875,0x032931,000110010100100110001
4876,0x1896ae,110001001011010101110
4877,0x0e6359,011100110001101011001
4878,0x09d996,010011101100110010110
4879,0x12375b,100100011011101011011
4880,0x0c89d4,011001000100111010100
4881,0x0b122b,010110001001000101011
4882,0x1625d1,101100010010111010001
4883,0x0baa2a,010111010101000101010
4884,0x15c4b5,101011100010010110101
4885,0x066b4a,001100110101101001010
4886,0x1116a5,100010001011010100101
4887,0x0e4dd2,011100100110111010010
4888,0x14baee,101001011101011101110
4889,0x1b5d31,110110101110100110001
4890,0x06a69b,001101010011010011011
4891,0x1d99c4,111011001100111000100
4892,0x0b26b9,010110010011010111001
4893,0x129b4c,100101001101101001100
4894,0x05b4b3,001011011010010110011
4895,0x1a525c,110100101001001011100
4896,0x1528ab,101010010100010101011
4897,0x0a765c,010100111011001011100
4898,0x1391ab,100111001000110101011
4899,0x0ec671,011101100011001110001
4900,0x1a598a,110100101100110001010
4901,0x05245d,001010010010001011101
4902,0x1259d2,100100101100111010010
4903,0x0e262e,011100010011000101110
4904,0x05d393,001011101001110010011
4905,0x1a8d6a,110101000110101101010
4906,0x11d695,100011101011010010101
4907,0x0d1d4b,011010001110101001011
4908,0x16a636,101101010011000110110
4909,0x099ddb,010011001110111011011
4910,0x11238c,100010010001110001100
4911,0x0ec474,011101100010001110100
4912,0x1931da,110010011000111011010
4913,0x1aca25,110101100101000100101
4914,0x111d52,100010001110101010010
4915,0x0ae3a7,010101110001110100111
4916,0x04b659,001001011011001011001
4917,0x1945a8,110010100010110101000
4918,0x04da59,001001101101001011001
4919,0x1a7594,110100111010110010100
4920,0x15923a,101011001001000111010
4921,0x0264d5,000100110010011010101
4922,0x051b39,001010001101100111001
4923,0x12e6ca,100101110011011001010
4924,0x151731,101010001011100110001
4925,0x0ba88e,010111010100010001110
4926,0x163b74,101100011101101110100
4927,0x09a6ac,010011010011010101100
4928,0x166975,101100110100101110101
4929,0x1b54a6,110110101010010100110
4930,0x05a95b,001011010100101011011
4931,0x177724,101110111011100100100
4932,0x0e9ceb,011101001110011101011
4933,0x1473b4,101000111001110110100
4934,0x0e9453,011101001010001010011
4935,0x15692e,101010110100100101110
4936,0x08d1d6,010001101000111010110
4937,0x076969,001110110100101101001
4938,0x0cd2b4,011001101001010110100
4939,0x17631a,101110110001100011010
4940,0x0d8ca4,011011000110010100100
4941,0x135adb,100110101101011011011
4942,0x0b2454,010110010010001010100
4943,0x0449b9,001000100100110111001
4944,0x19a276,110011010001001110110
4945,0x06d8b9,001101101100010111001
4946,0x12268e,100100010011010001110
4947,0x19cd71,110011100110101110001
4948,0x0c62a7,011000110001010100111
4949,0x03931b,000111001001100011011
4950,0x1a6ce6,110100110110011100110
4951,0x09d71d,010011101011100011101
4952,0x16b8db,101101011100011011011
4953,0x098e2e,010011000111000101110
4954,0x1a6331,110100110001100110001
4955,0x0d5cee,011010101110011101110
4956,0x0b2b15,010110010101100010101
4957,0x15d72b,101011101011100101011
4958,0x0a988d,010101001100010001101
4959,0x113472,100010011010001110010
4960,0x06daed,001101101101011101101
4961,0x1d8d94,111011000110110010100
4962,0x02ca77,000101100101001110111
4963,0x1a71a8,110100111000110101000
4964,0x06ccdb,001101100110011011011
4965,0x0b312c,010110011000100101100
4966,0x15c4cb,101011100010011001011
4967,0x0e5a72,011100101101001110010
4968,0x1ba68d,110111010011010001101
4969,0x0e5333,011100101001100110011
4970,0x1d8ec8,111011000111011001000
4971,0x06d125,001101101000100100101
4972,0x192e49,110010010111001001001
4973,0x0cd1a7,011001101000110100111
4974,0x118ad8,100011000101011011000
4975,0x0ed16b,011101101000101101011
4976,0x114e91,100010100111010010001
4977,0x0aba6c,010101011101001101100
4978,0x15c511,101011100010100010001
4979,0x1ab8a8,110101011100010101000
4980,0x157313,101010111001100010011
4981,0x1ae4ee,110101110010011101110
4982,0x158b35,101011000101100110101
4983,0x0b35aa,010110011010110101010
4984,0x056947,001010110100101000111
4985,0x1396aa,100111001011010101010
4986,0x08c963,010001100100101100011
4987,0x07338e,001110011001110001110
4988,0x11dd31,100011101110100110001
4989,0x0c666b,011000110011001101011
4990,0x1b58cc,110110101100011001100
4991,0x06ae39,001101010111000111001
4992,0x11334a,100010011001101001010
4993,0x06649d,001100110010010011101
4994,0x18b96a,110001011100101101010
4995,0x0726d7,001110010011011010111
4996,0x19cba8,110011100101110101000
4997,0x0a2551,010100010010101010001
4998,0x169aea,101101001101011101010
4999,0x02771d,000100111011100011101
5000,0x1dcd62,111011100110101100010
5001,0x0aa39b,010101010001110011011
5002,0x1d5568,111010101010101101000
5003,0x13aaa5,100111010101010100101
5004,0x089d56,010001001110101010110
5005,0x11626d,100010110001001101101
5006,0x189b1a,110001001101100011010
5007,0x0454ed,001000101010011101101
5008,0x13333b,100110011001100111011
5009,0x0c48ce,011000100100011001110
5010,0x139318,100111001001100011000
5011,0x0db8cc,011011011100011001100
5012,0x124473,100100100010001110011
5013,0x0d99ce,011011001100111001110
5014,0x1324a9,100110010010010101001
5015,0x0e995c,011101001100101011100
5016,0x1326ba,100110010011010111010
5017,0x093945,010010011100101000101
5018,0x14e3b8,101001110001110111000
5019,0x0b8c67,010111000110001100111
5020,0x14a394,101001010001110010100
5021,0x077563,001110111010101100011
5022,0x18e68e,110001110011010001110
5023,0x072d59,001110010110101011001
5024,0x1254a4,100100101010010100100
5025,0x09295b,010010010100101011011
5026,0x1674e9,101100111010011101001
5027,0x09cc92,010011100110010010010
5028,0x15332e,101010011001100101110
5029,0x0cee93,011001110111010010011
5030,0x127163,100100111000101100011
5031,0x0db295,011011011001010010101
5032,0x135d22,100110101110100100010
5033,0x0c8aee,011001000101011101110
5034,0x1174d3,100010111010011010011
5035,0x16a8b8,101101010100010111000
5036,0x0dd747,011011101011101000111
5037,0x126ad4,100100110101011010100
5038,0x0dd5b3,011011101010110110011
5039,0x1a725a,110100111001001011010
5040,0x0c9dd5,011001001110111010101
5041,0x17452b,101110100010100101011
5042,0x08d2d3,010001101001011010011
5043,0x174589,101110100010110001001
5044,0x093a73,010010011101001110011
5045,0x15cdcc,101011100110111001100
5046,0x095277,010010101001001110111
5047,0x1b2dca,110110010110111001010
5048,0x071625,001110001011000100101
5049,0x1b6959,110110110100101011001
5050,0x0692ce,001101001001011001110
5051,0x112335,100010010001100110101
5052,0x1a56d2,110100101011011010010
5053,0x0db92e,011011011100100101110
5054,0x114653,100010100011001010011
5055,0x163b88,101100011101110001000
5056,0x097757,010010111011101010111
5057,0x16d922,101101101100100100010
5058,0x03b64d,000111011011001001101
5059,0x15cd1a,101011100110100011010
5060,0x073227,001110011001000100111
5061,0x1aac98,110101010110010011000
5062,0x075246,001110101001001000110
5063,0x1c9898,111001001100010011000
5064,0x13772b,100110111011100101011
5065,0x1894c5,110001001010011000101
5066,0x036a93,000110110101010010011
5067,0x15b4ad,101011011010010101101
5068,0x0add12,010101101110100010010
5069,0x0466e5,001000110011011100101
5070,0x0e915b,011101001000101011011
5071,0x1154b4,100010101010010110100
5072,0x16ae6b,101101010111001101011
5073,0x09d146,010011101000101000110
5074,0x174e98,101110100111010011000
5075,0x08b567,010001011010101100111
5076,0x116b38,100010110101100111000
5077,0x0695d5,001101001010111010101
5078,0x1b4a4e,110110100101001001110
5079,0x167731,101100111011100110001
5080,0x138acc,100111000101011001100
5081,0x025593,000100101010110010011
5082,0x1928e8,110010010100011101000
5083,0x068b23,001101000101100100011
5084,0x18d6d1,110001101011011010001
5085,0x07314e,001110011000101001110
5086,0x11d2a8,100011101001010101000
5087,0x0239db,000100011100111011011
5088,0x0d44a7,011010100010010100111
5089,0x168959,101101000100101011001
5090,0x0b5692,010110101011010010010
5091,0x16a55d,101101010010101011101
5092,0x0b18a3,010110001100010100011
5093,0x14eec5,101001110111011000101
5094,0x12923a,100101001001000111010
5095,0x0a6ca4,010100110110010100100
5096,0x159d59,101011001110101011001
5097,0x0223b3,000100010001110110011
5098,0x188d5c,110001000110101011100
5099,0x0658a3,001100101100010100011
5100,0x1ba71a,110111010011100011010
5101,0x0d192d,011010001100100101101
5102,0x1362c6,100110110001011000110
5103,0x0c992a,011001001100100101010
5104,0x192691,110010010011010010001
5105,0x135d4e,100110101110101001110
5106,0x04d3b5,001001101001110110101
5107,0x192a62,110010010101001100010
5108,0x031c99,000110001110010011001
5109,0x1cab2a,111001010101100101010
5110,0x055591,001010101010110010001
5111,0x0aa96a,010101010100101101010
5112,0x0d5517,011010101010100010111
5113,0x12eeb8,100101110111010111000
5114,0x049153,001001001000101010011
5115,0x18ae94,110001010111010010100
5116,0x05155a,001010001010101011010
5117,0x1ada26,110101101101000100110
5118,0x046ccd,001000110110011001101
5119,0x19da32,110011101101000110010
5120,0x0c4749,011000100011101001001
5121,0x1129a4,100010010100110100100
5122,0x16cadb,101101100101011011011
5123,0x09356d,010010011010101101101
5124,0x0e5996,011100101100110010110
5125,0x0cb469,011001011010001101001
5126,0x056b12,001010110101100010010
5127,0x139cc4,100111001110011000100
5128,0x1453b9,101000101001110111001
5129,0x0dac8a,011011010110010001010
5130,0x117345,100010111001101000101
5131,0x0a8993,010101000100110010011
5132,0x0d564d,011010101011001001101
5133,0x1723ae,101110010001110101110
5134,0x0cdc54,011001101110001010100
5135,0x173a2a,101110011101000101010
5136,0x1b45b4,110110100010110110100
5137,0x053a63,001010011101001100011
5138,0x11c91d,100011100100100011101
5139,0x1a66b2,110100110011010110010
5140,0x0d9d5d,011011001110101011101
5141,0x066ab6,001100110101010110110
5142,0x039d49,000111001110101001001
5143,0x1d728e,111010111001010001110
5144,0x03ab19,000111010101100011001
5145,0x1496e2,101001001011011100010
5146,0x0b2d1c,010110010110100011100
5147,0x189646,110001001011001000110
5148,0x0b7195,010110111000110010101
5149,0x1dceb8,111011100111010111000
5150,0x0a714d,010100111000101001101
5151,0x158d16,101011000110100010110
5152,0x197229,110010111001000101001
5153,0x06bad6,001101011101011010110
5154,0x0d4a29,011010100101000101001
5155,0x16b9c5,101101011100111000101
5156,0x0b245a,010110010010001011010
5157,0x0cebac,011001110101110101100
5158,0x091cd3,010010001110011010011
5159,0x0ea52a,011101010010100101010
5160,0x1258d5,100100101100011010101
5161,0x056e23,001010110111000100011
5162,0x08899a,010001000100110011010
5163,0x0e73a5,011100111001110100101
5164,0x11c898,100011100100010011000
5165,0x0e674a,011100110011101001010
5166,0x0991b1,010011001000110110001
5167,0x1264ea,100100110010011101010
5168,0x0db119,011011011000100011001
5169,0x026673,000100110011001110011
5170,0x1d38ac,111010011100010101100
5171,0x02c763,000101100011101100011
5172,0x152b94,101010010101110010100
5173,0x0ddc49,011011101110001001001
5174,0x06a3b2,001101010001110110010
5175,0x097245,010010111001001000101
5176,0x0e9972,011101001100101110010
5177,0x07772d,001110111011100101101
5178,0x148a53,101001000101001010011
5179,0x0b592e,010110101100100101110
5180,0x1da6e4,111011010011011100100
5181,0x0ad551,010101101010101010001
5182,0x0d2d2e,011010010110100101110
5183,0x037651,000110111011001010001
5184,0x14ad8d,101001010110110001101
5185,0x0b5162,010110101000101100010
5186,0x15c6c6,101011100011011000110
5187,0x193a99,110010011101010011001
5188,0x024775,000100100011101110101
5189,0x0d88c9,011011000100011001001
5190,0x1b531c,110110101001100011100
5191,0x149c6b,101001001110001101011
5192,0x09a2d4,010011010001011010100
5193,0x171552,101110001010101010010
5194,0x1a66a8,110100110011010101000
5195,0x1c98d2,111001001100011010010
5196,0x026749,000100110011101001001
5197,0x0eb8b7,011101011100010110111
5198,0x11c4d8,100011100010011011000
5199,0x0ab947,010101011100101000111
5200,0x1762da,101110110001011011010
5201,0x039715,000111001011100010101
5202,0x194adc,110010100101011011100
5203,0x063671,001100011011001110001
5204,0x19dd1a,110011101110100011010
5205,0x128ba9,100101000101110101001
5206,0x0d7352,011010111001101010010
5207,0x122d25,100100010110100100101
5208,0x0b129a,010110001001010011010
5209,0x116e65,100010110111001100101
5210,0x14539a,101000101001110011010
5211,0x039a67,000111001101001100111
5212,0x14711b,101000111000100011011
5213,0x098bb6,010011000101110110110
5214,0x1535c9,101010011010111001001
5215,0x0a5a54,010100101101001010100
5216,0x11b526,100011011010100100110
5217,0x0b1b99,010110001101110011001
5218,0x18a722,110001010011100100010
5219,0x0d5945,011010101100101000101
5220,0x1ab272,110101011001001110010
5221,0x0d8d4c,011011000110101001100
5222,0x02dab1,000101101101010110001
5223,0x092c4a,010010010110001001010
5224,0x06e735,001101110011100110101
5225,0x0b1c8b,010110001110010001011
5226,0x15634c,101010110001101001100
5227,0x12d89b,100101101100010011011
5228,0x0bb755,010111011011101010101
5229,0x0b48ea,010110100100011101010
5230,0x11a54d,100011010010101001101
5231,0x1a5ab8,110100101101010111000
5232,0x05895d,001011000100101011101
5233,0x0a56c6,010100101011011000110
5234,0x138b59,100111000101101011001
5235,0x1a732e,110100111001100101110
5236,0x0c8895,011001000100010010101
5237,0x126d63,100100110110101100011
5238,0x15539c,101010101001110011100
5239,0x1a2546,110100010010101000110
5240,0x054a5b,001010100101001011011
5241,0x1b2da4,110110010110110100100
5242,0x055317,001010101001100010111
5243,0x1b68ca,110110110100011001010
5244,0x05c471,001011100010001110001
5245,0x1b328e,110110011001010001110
5246,0x06eb73,001101110101101110011
5247,0x0b34ee,010110011010011101110
5248,0x074b63,001110100101101100011
5249,0x19b6ce,110011011011011001110
5250,0x0ee995,011101110100110010101
5251,0x099d4a,010011001110101001010
5252,0x136eb4,100110110111010110100
5253,0x19ba49,110011011101001001001
5254,0x1cc526,111001100010100100110
5255,0x0b8a8b,010111000101010001011
5256,0x155112,101010101000100010010
5257,0x0bae4c,010111010111001001100
5258,0x114ba6,100010100101110100110
5259,0x0e2c52,011100010110001010010
5260,0x12d68c,100101101011010001100
5261,0x088937,010001000100100110111
5262,0x1732ed,101110011001011101101
5263,0x08a534,010001010010100110100
5264,0x171b5a,101110001101101011010
5265,0x18c8ec,110001100100011101100
5266,0x06a391,001101010001110010001
5267,0x1a3472,110100011010001110010
5268,0x0c519d,011000101000110011101
5269,0x0ba666,010111010011001100110
5270,0x1a5918,110100101100100011000
5271,0x068a76,001101000101001110110
5272,0x0b3169,010110011000101101001
5273,0x144eb4,101000100111010110100
5274,0x0a916c,010101001000101101100
5275,0x1dc4d2,111011100010011010010
5276,0x092349,010010010001101001001
5277,0x1596c4,101011001011011000100
5278,0x0a2735,010100010011100110101
5279,0x1d9d92,111011001110110010010
5280,0x122276,100100010001001110110
5281,0x1cddd8,111001101110111011000
5282,0x13222e,100110010001000101110
5283,0x0458d1,001000101100011010001
5284,0x1b7532,110110111010100110010
5285,0x0c926c,011001001001001101100
5286,0x12cda3,100101100110110100011
5287,0x19a2da,110011010001011011010
5288,0x0e5c77,011100101110001110111
5289,0x13aada,100111010101011011010
5290,0x04d147,001001101000101000111
5291,0x0a6a91,010100110101010010001
5292,0x15d169,101011101000101101001
5293,0x0e2ed7,011100010111011010111
5294,0x13913a,100111001000100111010
5295,0x0e3a47,011100011101001000111
5296,0x13a572,100111010010101110010
5297,0x08c88b,010001100100010001011
5298,0x15151c,101010001010100011100
5299,0x08e6a3,010001110011010100011
5300,0x136976,100110110100101110110
5301,0x18b399,110001011001110011001
5302,0x074a22,001110100101000100010
5303,0x18b751,110001011011101010001
5304,0x1d2a2e,111010010101000101110
5305,0x1674d1,101100111010011010001
5306,0x1ceaae,111001110101010101110
5307,0x071dd1,001110001110111010001
5308,0x12eb2e,100101110101100101110
5309,0x0b3697,010110011011010010111
5310,0x14a9c4,101001010100111000100
5311,0x0b72ea,010110111001011101010
5312,0x159311,101011001001100010001
5313,0x0aaeab,010101010111010101011
5314,0x11c54e,100011100010101001110
5315,0x0674b1,001100111010010110001
5316,0x0b9dce,010111001110111001110
5317,0x1468b4,101000110100010110100
5318,0x06a649,001101010011001001001
5319,0x1a4976,110100100100101110110
5320,0x051c89,001010001110010001001
5321,0x0e6372,011100110001101110010
5322,0x11488e,100010100100010001110
5323,0x03a775,000111010011101110101
5324,0x045d9b,001000101110110011011
5325,0x132e64,100110010111001100100
5326,0x0e6393,011100110001110010011
5327,0x125d64,100100101110101100100
5328,0x09ab12,010011010101100010010
5329,0x1675ac,101100111010110101100
5330,0x09db55,010011101101101010101
5331,0x07258a,001110010010110001010
5332,0x045b15,001000101101100010101
5333,0x0da2e2,011011010001011100010
5334,0x174d6d,101110100110101101101
5335,0x08e494,010001110010010010100
5336,0x072b27,001110010101100100111
5337,0x12cdba,100101100110110111010
5338,0x0922b5,010010010001010110101
5339,0x166d6a,101100110110101101010
5340,0x09aa89,010011010101010001001
5341,0x0655b2,001100101010110110010
5342,0x03a6dd,000111010011011011101
5343,0x1475a6,101000111010110100110
5344,0x02ac71,000101010110001110001
5345,0x15774a,101010111011101001010
5346,0x0b8ead,010111000111010101101
5347,0x1672d6,101100111001011010110
5348,0x1bad25,110111010110100100101
5349,0x05c6ca,001011100011011001010
5350,0x1339b5,100110011100110110101
5351,0x0c45ce,011000100010111001110
5352,0x12bbb3,100101011101110110011
5353,0x0b654a,010110110010101001010
5354,0x1a8ab9,110101000101010111001
5355,0x05dd76,001011101110101110110
5356,0x06238d,001100010001110001101
5357,0x095662,010010101011001100010
5358,0x1228d3,100100010100011010011
5359,0x09b125,010011011000100100101
5360,0x062aca,001100010101011001010
5361,0x1b54c5,110110101010011000101
5362,0x0e8a32,011101000101000110010
5363,0x14758a,101000111010110001010
5364,0x09aa57,010011010101001010111
5365,0x14d8a9,101001101100010101001
5366,0x0a6765,010100110011101100101
5367,0x0d18b9,011010001100010111001
5368,0x16ed36,101101110110100110110
5369,0x191a8c,110010001101010001100
5370,0x04a535,001001010010100110101
5371,0x1aeed8,110101110111011011000
5372,0x07111d,001110001000100011101
5373,0x0aecea,010101110110011101010
5374,0x15db34,101011101101100110100
5375,0x0a264a,010100010011001001010
5376,0x16531d,101100101001100011101
5377,0x09a463,010011010010001100011
5378,0x1a3ba4,110100011101110100100
5379,0x0d2639,011010010011000111001
5380,0x1a8b92,110101000101110010010
5381,0x0d336d,011010011001101101101
5382,0x1b4dd4,110110100110111010100
5383,0x0d52bb,011010101001010111011
5384,0x02ab55,000101010101101010101
5385,0x05d6e2,001011101011011100010
5386,0x1a2d58,110100010110101011000
5387,0x05c727,001011100011100100111
5388,0x0e2c71,011100010110001110001
5389,0x1711c6,101110001000111000110
5390,0x1a6e68,110100110111001101000
5391,0x093597,010010011010110010111
5392,0x16564e,101100101011001001110
5393,0x089994,010001001100110010100
5394,0x17163b,101110001011000111011
5395,0x0268a5,000100110100010100101
5396,0x14d758,101001101011101011000
5397,0x032da7,000110010110110100111
5398,0x18e24a,110001110001001001010
5399,0x071d65,001110001110101100101
5400,0x1966dc,110010110011011011100
5401,0x02292b,000100010100100101011
5402,0x0d74dc,011010111010011011100
5403,0x02b335,000101011001100110101
5404,0x0c4c46,011000100110001000110
5405,0x13b3b5,100111011001110110101
5406,0x0c494a,011000100100101001010
5407,0x16a315,101101010001100010101
5408,0x09dce3,010011101110011100011
5409,0x14625c,101000110001001011100
5410,0x0b5cb1,010110101110010110001
5411,0x14b352,101001011001101010010
5412,0x0b1d24,010110001110100100100
5413,0x156aa2,101010110101010100010
5414,0x0a5169,010100101000101101001
5415,0x09acb2,010011010110010110010
5416,0x027189,000100111000110001001
5417,0x048b56,001001000101101010110
5418,0x11758b,100010111010110001011
5419,0x0ece76,011101100111001110110
5420,0x11928a,100011001001010001010
5421,0x0a6b77,010100110101101110111
5422,0x1d15da,111010001010111011010
5423,0x0cea24,011001110101000100100
5424,0x0bb71b,010111011011100011011
5425,0x16996e,101101001100101101110
5426,0x096ed5,010010110111011010101
5427,0x1a392e,110100011100100101110
5428,0x055672,001010101011001110010
5429,0x1a2d91,110100010110110010001
5430,0x11a24e,100011010001001001110
5431,0x0e5491,011100101010010010001
5432,0x1929c6,110010010100111000110
5433,0x0c5271,011000101001001110001
5434,0x03a8cb,000111010100011001011
5435,0x0d1d15,011010001110100010101
5436,0x12e22a,100101110001000101010
5437,0x0b5993,010110101100110010011
5438,0x1c9658,111001001011001011000
5439,0x0775ae,001110111010110101110
5440,0x09da71,010011101101001110001
5441,0x16a995,101101010100110010101
5442,0x0b76ae,010110111011010101110
5443,0x11c951,100011100100101010001
5444,0x0c744c,011000111010001001100
5445,0x15aba3,101011010101110100011
5446,0x1ad51d,110101101010100011101
5447,0x0d68c6,011010110100011000110
5448,0x19c731,110011100011100110001
5449,0x165ddc,101100101110111011100
5450,0x0926e3,010010010011011100011
5451,0x12db8c,100101101101110001100
5452,0x1c6c52,111000110110001010010
5453,0x09b31d,010011011001100011101
5454,0x16ea63,101101110101001100011
5455,0x131514,100110001010100010100
5456,0x0eeab3,011101110101010110011
5457,0x147145,101000111000101000101
5458,0x1b2638,110110010011000111000
5459,0x049b45,001001001101101000101
5460,0x09639a,010010110001110011010
5461,0x06d746,001101101011101000110
5462,0x1d33b2,111010011001110110010
5463,0x04e4dd,001001110010011011101
5464,0x1bbb1a,110111011101100011010
5465,0x0534a5,001010011010010100101
5466,0x1ae968,110101110100101101000
5467,0x0573b2,001010111001110110010
5468,0x1b9a4d,110111001101001001101
5469,0x0cc752,011001100011101010010
5470,0x1359ac,100110101100110101100
5471,0x0e2647,011100010011001000111
5472,0x111bb1,100010001101110110001
5473,0x04c4ce,001001100010011001110
5474,0x172391,101110010001110010001
5475,0x1c593a,111000101100100111010
5476,0x13aad5,100111010101011010101
5477,0x0e3537,011100011010100110111
5478,0x114669,100010100011001101001
5479,0x0e3b56,011100011101101010110
5480,0x12c568,100101100010101101000
5481,0x1d6a96,111010110101010010110
5482,0x027763,000100111011101100011
5483,0x0db18e,011011011000110001110
5484,0x035a77,000110101101001110111
5485,0x14e38a,101001110001110001010
5486,0x09ad75,010011010110101110101
5487,0x0676ee,001100111011011101110
5488,0x1719d9,101110001100111011001
5489,0x026247,000100110001001000111
5490,0x11d3ba,100011101001110111010
5491,0x0e6dc5,011100110110111000101
5492,0x12a292,100101010001010010010
5493,0x05cb29,001011100101100101001
5494,0x1a3692,110100011011010010010
5495,0x04c8c9,001001100100011001001
5496,0x0d34b6,011010011010010110110
5497,0x134b29,100110100101100101001
5498,0x0e94e4,011101001010011100100
5499,0x05275a,001010010011101011010
5500,0x18ba31,110001011101000110001
5501,0x06554b,001100101010101001011
5502,0x1c6e9c,111000110111010011100
5503,0x129323,100101001001100100011
5504,0x0d76c9,011010111011011001001
5505,0x12cd2d,100101100110100101101
5506,0x091653,010010001011001010011
5507,0x0ca8ad,011001010100010101101
5508,0x13571b,100110101011100011011
5509,0x0d2a67,011010010101001100111
5510,0x13b5aa,100111011010110101010
5511,0x04da47,001001101101001000111
5512,0x0b258c,010110010010110001100
5513,0x163a63,101100011101001100011
5514,0x18e4dd,110001110010011011101
5515,0x0739b6,001110011100110110110
5516,0x1ae249,110101110001001001001
5517,0x054aba,001010100101010111010
5518,0x18bb4d,110001011101101001101
5519,0x0b4cd2,010110100110011010010
5520,0x1c9374,111001001001101110100
5521,0x0a6d8b,010100110110110001011
5522,0x04a675,001001010011001110101
5523,0x0b538b,010110101001110001011
5524,0x116e76,100010110111001110110
5525,0x049919,001001001100100011001
5526,0x167722,101100111011100100010
5527,0x0889cb,010001000100111001011
5528,0x1b3315,110110011001100010101
5529,0x0dcea3,011011100111010100011
5530,0x1bb319,110111011001100011001
5531,0x15c892,101011100100010010010
5532,0x0aa65d,010101010011001011101
5533,0x14696b,101000110100101101011
5534,0x0bba8d,010111011101010001101
5535,0x04d9d2,001001101100111010010
5536,0x038e25,000111000111000100101
5537,0x1c5258,111000101001001011000
5538,0x0388a3,000111000100010100011
5539,0x1c6318,111000110001100011000
5540,0x11b9c6,100011011100111000110
5541,0x02662b,000100110011000101011
5542,0x05b8d9,001011011100011011001
5543,0x12c4ac,100101100010010101100
5544,0x05b973,001011011100101110011
5545,0x0eda9c,011101101101010011100
5546,0x195451,110010101010001010001
5547,0x04b9bb,001001011100110111011
5548,0x172255,101110010001001010101
5549,0x02dba3,000101101101110100011
5550,0x0c724e,011000111001001001110
5551,0x036d15,000110110110100010101
5552,0x11936b,100011001001101101011
5553,0x076ed6,001110110111011010110
5554,0x089959,010001001100101011001
5555,0x1976e6,110010111011011100110
5556,0x06e31b,001101110001100011011
5557,0x189cdd,110001001110011011101
5558,0x136928,100110110100100101000
5559,0x06da55,001101101101001010101
5560,0x1a3528,110100011010100101000
5561,0x1758d3,101110101100011010011
5562,0x09bb2c,010011011101100101100
5563,0x0652d1,001100101001011010001
5564,0x132cee,100110010110011101110
5565,0x0eb315,011101011001100010101
5566,0x092eee,010010010111011101110
5567,0x1a5151,110100101000101010001
5568,0x04a8e5,001001010100011100101
5569,0x0e525a,011100101001001011010
5570,0x19c9a4,110011100100110100100
5571,0x067751,001100111011101010001
5572,0x1b14ba,110110001010010111010
5573,0x14d94b,101001101100101001011
5574,0x0a6ea7,010100110111010100111
5575,0x159769,101011001011101101001
5576,0x0a699a,010100110100110011010
5577,0x055c71,001010101110001110001
5578,0x09238e,010010010001110001110
5579,0x064d65,001100100110101100101
5580,0x13b299,100111011001010011001
5581,0x1ceb56,111001110101101010110
5582,0x177699,101110111011010011001
5583,0x09cd67,010011100110101100111
5584,0x122a9b,100100010101010011011
5585,0x095494,010010101010010010100
5586,0x16b165,101101011000101100101
5587,0x0b4b2b,010110100101100101011
5588,0x18b175,110001011000101110101
5589,0x136a4b,100110110101001001011
5590,0x0911b2,010010001000110110010
5591,0x168d4c,101101000110101001100
5592,0x093332,010010011001100110010
5593,0x06c4ad,001101100010010101101
5594,0x1c7354,111000111001101010100
5595,0x06ceae,001101100111010101110
5596,0x172a59,101110010101001011001
5597,0x0ad6a7,010101101011010100111
5598,0x162b9a,101100010101110011010
5599,0x0accc5,010101100110011000101
5600,0x05bbae,001011011101110101110
5601,0x0adcdc,010101101110011011100
5602,0x072531,001110010010100110001
5603,0x0e9a4e,011101001101001001110
5604,0x1735d3,101110011010111010011
5605,0x0a8a69,010101000101001101001
5606,0x0565a7,001010110010110100111
5607,0x1ad99c,110101101100110011100
5608,0x1526c9,101010010011011001001
5609,0x029733,000101001011100110011
5610,0x1748ec,101110100100011101100
5611,0x02d71b,000101101011100011011
5612,0x11ae24,100011010111000100100
5613,0x0471bb,001000111000110111011
5614,0x138e44,100111000111001000100
5615,0x04729b,001000111001010011011
5616,0x1aa946,110101010100101000110
5617,0x04759d,001000111010110011101
5618,0x039923,000111001100100100011
5619,0x14525d,101000101001001011101
5620,0x1aa5a2,110101010010110100010
5621,0x0718dd,001110001100011011101
5622,0x0ae772,010101110011101110010
5623,0x199499,110011001010010011001
5624,0x1c6226,111000110001000100110
5625,0x028d19,000101000110100011001
5626,0x147273,101000111001001110011
5627,0x099ccc,010011001110011001100
5628,0x166462,101100110010001100010
5629,0x0923ad,010010010001110101101
5630,0x14e4d3,101001110010011010011
5631,0x19b928,110011011100100101000
5632,0x04d645,001001101011001000101
5633,0x1dad28,111011010110100101000
5634,0x069352,001101001001101010010
5635,0x1bacc9,110111010110011001001
5636,0x027125,000100111000100100101
5637,0x1aca5a,110101100101001011010
5638,0x0d75a5,011010111010110100101
5639,0x16aab2,101101010101010110010
5640,0x1b4719,110110100011100011001
5641,0x0a9266,010101001001001100110
5642,0x1355a9,100110101010110101001
5643,0x0aa346,010101010001101000110
5644,0x1558c9,101010101100011001001
5645,0x13b774,100111011011101110100
5646,0x08e9ab,010001110100110101011
5647,0x155155,101010101000101010101
5648,0x0e6ce2,011100110110011100010
5649,0x112b11,100010010101100010001
5650,0x0e9467,011101001010001100111
5651,0x11749a,100010111010010011010
5652,0x0caa31,011001010101000110001
5653,0x111dc6,100010001110111000110
5654,0x02e539,000101110010100111001
5655,0x0b9896,010111001100010010110
5656,0x16336c,101100011001101101100
5657,0x0dcdd2,011011100110111010010
5658,0x12baed,100101011101011101101
5659,0x055d4a,001010101110101001010
5660,0x1ae325,110101110001100100101
5661,0x0498e9,001001001100011101001
5662,0x1b1622,110110001011000100010
5663,0x045953,001000101100101010011
5664,0x1ba8ee,110111010100011101110
5665,0x115638,100010101011000111000
5666,0x0ead4e,011101010110101001110
5667,0x1573a3,101010111001110100011
5668,0x06a8da,001101010100011011010
5669,0x0ddaa5,011011101101010100101
5670,0x06e56a,001101110010101101010
5671,0x1d1c54,111010001110001010100
5672,0x06b6e6,001101011011011100110
5673,0x09511b,010010101000100011011
5674,0x162e66,101100010111001100110
5675,0x03929d,000111001001010011101
5676,0x154973,101010100100101110011
5677,0x0cb48c,011001011010010001100
5678,0x174a6b,101110100101001101011
5679,0x1234b6,100100011010010110110
5680,0x1dd648,111011101011001001000
5681,0x032947,000110010100101000111
5682,0x19d6ba,110011101011010111010
5683,0x03a525,000111010010100100101
5684,0x146a56,101000110101001010110
5685,0x0b56cb,010110101011011001011
5686,0x148c71,101001000110001110001
5687,0x0b7396,010110111001110010110
5688,0x151c5d,101010001110001011101
5689,0x0c76ea,011000111011011101010
5690,0x188b51,110001000101101010001
5691,0x0771a5,001110111000110100101
5692,0x12c44b,100101100010001001011
5693,0x0c5b74,011000101101101110100
5694,0x11b5ca,100011011010111001010
5695,0x12eeb5,100101110111010110101
5696,0x0d91cb,011011001000111001011
5697,0x126d34,100100110110100110100
5698,0x09ba4e,010011011101001001110
5699,0x144c99,101000100110010011001
5700,0x1b314c,110110011000101001100
5701,0x048ea6,001001000111010100110
5702,0x1b7168,110110111000101101000
5703,0x0ca6dc,011001010011011011100
5704,0x1151a2,100010101000110100010
5705,0x0e38cc,011100011100011001100
5706,0x159323,101011001001100100011
5707,0x0e745a,011100111010001011010
5708,0x1ba6e5,110111010011011100101
5709,0x0459b3,001000101100110110011
5710,0x0b9444,010111001010001000100
5711,0x166b32,101100110101100110010
5712,0x18b2c5,110001011001011000101
5713,0x074c63,001110100110001100011
5714,0x1c9b38,111001001101100111000
5715,0x0b4dd7,010110100110111010111
5716,0x18baca,110001011101011001010
5717,0x046591,001000110010110010001
5718,0x1a3234,110100011001000110100
5719,0x054d46,001010100110101000110
5720,0x1256c9,100100101011011001001
5721,0x0aad72,010101010110101110010
5722,0x145aec,101000101101011101100
5723,0x131533,100110001010100110011
5724,0x0e28ac,011100010100010101100
5725,0x111351,100010001001101010001
5726,0x0dae6e,011011010111001101110
5727,0x12699c,100100110100110011100
5728,0x148c52,101001000110001010010
5729,0x0a5bae,010100101101110101110
5730,0x1128d2,100010010100011010010
5731,0x1ac5a8,110101100010110101000
5732,0x116e51,100010110111001010001
5733,0x1a5dae,110100101110110101110
5734,0x156373,101010110001101110011
5735,0x1ac8c9,110101100100011001001
5736,0x15a735,101011010011100110101
5737,0x0b7246,010110111001001000110
5738,0x14c98a,101001100100110001010
5739,0x172476,101110010010001110110
5740,0x08d269,010001101001001101001
5741,0x152cce,101010010110011001110
5742,0x029913,000101001100100010011
5743,0x1d2ce6,111010010110011100110
5744,0x038a39,000111000101000111001
5745,0x1cd14c,111001101000101001100
5746,0x072c9a,001110010110010011010
5747,0x12dc65,100101101110001100101
5748,0x1d1a98,111010001101010011000
5749,0x1ac466,110101100010001100110
5750,0x05a31a,001011010001100011010
5751,0x1b14e8,110110001010011101000
5752,0x04674d,001000110011101001101
5753,0x1b88d9,110111000100011011001
5754,0x15368e,101010011011010001110
5755,0x029557,000101001010101010111
5756,0x174ee9,101110100111011101001
5757,0x08b4a6,010001011010010100110
5758,0x156d18,101010110110100011000
5759,0x09d62e,010011101011000101110
5760,0x1711d5,101110001000111010101
5761,0x1ce568,111001110010101101000
5762,0x07529a,001110101001010011010
5763,0x0aae47,010101010111001000111
5764,0x1dd5a4,111011101010110100100
5765,0x0aced3,010101100111011010011
5766,0x113568,100010011010101101000
5767,0x1cc8d6,111001100100011010110
5768,0x137668,100110111011001101000
5769,0x1c4b12,111000100101100010010
5770,0x12acae,100101010110010101110
5771,0x051753,001010001011101010011
5772,0x16aae6,101101010101011100110
5773,0x19d51c,110011101010100011100
5774,0x0632c5,001100011001011000101
5775,0x196918,110010110100100011000
5776,0x1c9762,111001001011101100010
5777,0x13499b,100110100100110011011
5778,0x0e72d4,011100111001011010100
5779,0x158c8d,101011000110010001101
5780,0x1a373a,110100011011100111010
5781,0x11c6dd,100011100011011011101
5782,0x063929,001100011100100101001
5783,0x11b6a6,100011011011010100110
5784,0x0c6569,011000110010101101001
5785,0x129bb6,100101001101110110110
5786,0x0e254d,011100010010101001101
5787,0x1c48a2,111000100100010100010
5788,0x17174d,101110001011101001101
5789,0x12e3a2,100101110001110100010
5790,0x0d9c75,011011001110001110101
5791,0x162e98,101100010111010011000
5792,0x0c536d,011000101001101101101
5793,0x15a6b3,101011010011010110011
5794,0x1b5954,110110101100101010100
5795,0x0ee59b,011101110010110011011
5796,0x131b69,100110001101101101001
5797,0x0ea49a,011101010010010011010
5798,0x115b1c,100010101101100011100
5799,0x0d24d2,011010010010011010010
5800,0x1259ab,100100101100110101011
5801,0x096694,010010110011010010100
5802,0x16535b,101100101001101011011
5803,0x1ba2a2,110111010001010100010
5804,0x075d39,001110101110100111001
5805,0x08b4ce,010001011010011001110
5806,0x0b8b91,010111000101110010001
5807,0x1458ca,101000101100011001010
5808,0x1aab14,110101010101100010100
5809,0x0e72e9,011100111001011101001
5810,0x119c9c,100011001110010011100
5811,0x146ee3,101000110111011100011
5812,0x0e918e,011101001000110001110
5813,0x123638,100100011011000111000
5814,0x05b1db,001011011000111011011
5815,0x0e469c,011100100011010011100
5816,0x12391b,100100011100100011011
5817,0x18d6e6,110001101011011100110
5818,0x05389b,001010011100010011011
5819,0x1ce734,111001110011100110100
5820,0x1318e8,100110001100011101000
5821,0x0cd719,011001101011100011001
5822,0x1688a2,101101000100010100010
5823,0x09474c,010010100011101001100
5824,0x04ba33,001001011101000110011
5825,0x136dc9,100110110110111001001
5826,0x0cb4b2,011001011010010110010
5827,0x176a48,101110110101001001000
5828,0x0954b7,010010101010010110111
5829,0x123b68,100100011101101101000
5830,0x1caed6,111001010111011010110
5831,0x039889,000111001100010001001
5832,0x0c6256,011000110001001010110
5833,0x02ac8d,000101010110010001101
5834,0x1d1354,111010001001101010100
5835,0x064dad,001100100110110101101
5836,0x18a472,110001010010001110010
5837,0x17528e,101110101001010001110
5838,0x02b571,000101011010101110001
5839,0x15d6aa,101011101011010101010
5840,0x0e2895,011100010100010010101
5841,0x18c772,110001100011101110010
5842,0x0eb919,011101011100100011001
5843,0x1ce4a2,111001110010010100010
5844,0x031b51,000110001101101010001
5845,0x1caba6,111001010101110100110
5846,0x0b5c4d,010110101110001001101
5847,0x15a9b8,101011010100110111000
5848,0x034747,000110100011101000111
5849,0x1caadc,111001010101011011100
5850,0x1b1712,110110001011100010010
5851,0x04eacb,001001110101011001011
5852,0x1b19b4,110110001100110110100
5853,0x0eeec9,011101110111011001001
5854,0x191d32,110010001110100110010
5855,0x0665ce,001100110010111001110
5856,0x1952d2,110010101001011010010
5857,0x16e729,101101110011100101001
5858,0x0d1a47,011010001101001000111
5859,0x1b4498,110110100010010011000
5860,0x0c99a5,011001001100110100101
5861,0x172768,101110010011101101000
5862,0x1a6895,110100110100010010101
5863,0x05b6ba,001011011011010111010
5864,0x0add74,010101101110101110100
5865,0x17324e,101110011001001001110
5866,0x198e9d,110011000111010011101
5867,0x0e632b,011100110001100101011
5868,0x111595,100010001010110010101
5869,0x0e6a3b,011100110101000111011
5870,0x19918e,110011001000110001110
5871,0x0ea673,011101010011001110011
5872,0x1559a9,101010101100110101001
5873,0x0a6e53,010100110111001010011
5874,0x0d18ed,011010001100011101101
5875,0x06e5b6,001101110010110110110
5876,0x093b69,010010011101101101001
5877,0x154692,101010100011010010010
5878,0x0acd6b,010101100110101101011
5879,0x1b3a95,110110011101010010101
5880,0x0ec9ca,011101100100111001010
5881,0x133465,100110011010001100101
5882,0x088b1b,010001000101100011011
5883,0x136c6c,100110110110001101100
5884,0x0e91bb,011101001000110111011
5885,0x164e68,101100100111001101000
5886,0x095116,010010101000100010110
5887,0x172e71,101110010111001110001
5888,0x18d588,110001101010110001000
5889,0x028ee7,000101000111011100111
5890,0x18d158,110001101000101011000
5891,0x0c6cb5,011000110110010110101
5892,0x12b31a,100101011001100011010
5893,0x044967,001000100100101100111
5894,0x1abad2,110101011101011010010
5895,0x09672c,010010110011100101100
5896,0x1499d3,101001001100111010011
5897,0x09c6cc,010011100011011001100
5898,0x163a91,101100011101010010001
5899,0x0b455c,010110100010101011100
5900,0x16d222,101101101001000100010
5901,0x0da89c,011011010100010011100
5902,0x131964,100110001100101100100
5903,0x08aedb,010001010111011011011
5904,0x1b71a6,110110111000110100110
5905,0x0c8a5b,011001000101001011011
5906,0x1a34aa,110100011010010101010
5907,0x1549dd,101010100100111011101
5908,0x09b6e7,010011011011011100111
5909,0x12c972,100101100100101110010
5910,0x052aae,001010010101010101110
5911,0x0a9711,010101001011100010001
5912,0x044e6e,001000100111001101110
5913,0x1915d1,110010001010111010001
5914,0x062b36,001100010101100110110
5915,0x08d549,010001101010101001001
5916,0x0e63b6,011100110001110110110
5917,0x1b8c45,110111000110001000101
5918,0x0c66b1,011000110011010110001
5919,0x13b96c,100111011100101101100
5920,0x0d54b1,011010101010010110001
5921,0x138eca,100111000111011001010
5922,0x047727,001000111011100100111
5923,0x18a4d1,110001010010011010001
5924,0x0d4ead,011010100111010101101
5925,0x13b244,100111011001001000100
5926,0x0e553a,011100101010100111010
5927,0x059c47,001011001110001000111
5928,0x1623a9,101100010001110101001
5929,0x0bad57,010111010110101010111
5930,0x1112ba,100010001001010111010
5931,0x0ee451,011101110010001010001
5932,0x098926,010011000100100100110
5933,0x0eb299,011101011001010011001
5934,0x05296a,001010010100101101010
5935,0x1cc496,111001100010010010110
5936,0x052ced,001010010110011101101
5937,0x1cb326,111001011001100100110
5938,0x02465d,000100100011001011101
5939,0x09698a,010010110100110001010
5940,0x14dcb3,101001101110010110011
5941,0x0b139c,010110001001110011100
5942,0x04a562,001001010010101100010
5943,0x191b1d,110010001101100011101
5944,0x16e5aa,101101110010110101010
5945,0x0972d6,010010111001011010110
5946,0x16a524,101101010010100100100
5947,0x0a9abb,010101001101010111011
5948,0x118dc5,100011000110111000101
5949,0x0eca39,011101100101000111001
5950,0x1194a4,100011001010010100100
5951,0x0e4a4a,011100100101001001010
5952,0x05b595,001011011010110010101
5953,0x134a32,100110100101000110010
5954,0x0dd4d7,011011101010011010111
5955,0x0a2da2,010100010110110100010
5956,0x144639,101000100011000111001
5957,0x095dc7,010010101110111000111
5958,0x16c62d,101101100011000101101
5959,0x0d1377,011010001001101110111
5960,0x12639a,100100110001110011010
5961,0x0c5451,011000101010001010001
5962,0x038d8b,000111000110110001011
5963,0x0c7235,011000111001000110101
5964,0x0c8cea,011001000110011101010
5965,0x037327,000110111001100100111
5966,0x14ddd1,101001101110111010001
5967,0x0b12e7,010110001001011100111
5968,0x06e9d1,001101110100111010001
5969,0x09d48e,010011101010010001110
5970,0x028935,000101000100100110101
5971,0x0cd65b,011001101011001011011
5972,0x1a6ba5,110100110101110100101
5973,0x119c53,100011001110001010011
5974,0x06d38a,001101101001110001010
5975,0x1d5d74,111010101110101110100
5976,0x05a22b,001011010001000101011
5977,0x1b6914,110110110100100010100
5978,0x0eb64b,011101011011001001011
5979,0x15c945,101011100100101000101
5980,0x08a691,010001010011010010001
5981,0x15695a,101010110100101011010
5982,0x0e9675,011101001011001110101
5983,0x19dd99,110011101110110011001
5984,0x056ab7,001010110101010110111
5985,0x0a7559,010100111010101011001
5986,0x1c92c6,111001001001011000110
5987,0x16e989,101101110100110001001
5988,0x059776,001011001011101110110
5989,0x1ab8d1,110101011100011010001
5990,0x1d4e2c,111010100111000101100
5991,0x12b513,100101011010100010011
5992,0x0c48e3,011000100100011100011
5993,0x123556,100100011010101010110
5994,0x0d4ebb,011010100111010111011
5995,0x022d45,000100010110101000101
5996,0x1991b8,110011001000110111000
5997,0x02ed67,000101110110101100111
5998,0x0dd389,011011101001110001001
5999,0x062cd6,001100010110011010110
6000,0x18d56d,110001101010101101101
6001,0x0658da,001100101100011011010
6002,0x0bb3a5,010111011001110100101
6003,0x1764db,101110110010011011011
6004,0x0a938d,010101001001110001101
6005,0x1c6d66,111000110110101100110
6006,0x0513b5,001010001001110110101
6007,0x18c4e2,110001100010011100010
6008,0x162b51,101100010101101010001
6009,0x0dd4a9,011011101010010101001
6010,0x162dce,101100010110111001110
6011,0x08dc51,010001101110001010001
6012,0x173ae8,101110011101011101000
6013,0x08c516,010001100010100010110
6014,0x1718e2,101110001100011100010
6015,0x08ed9d,010001110110110011101
6016,0x155663,101010101011001100011
6017,0x02398d,000100011100110001101
6018,0x1da772,111011010011101110010
6019,0x0b19ad,010110001100110101101
6020,0x1c7672,111000111011001110010
6021,0x1acca5,110101100110010100101
6022,0x153b1a,101010011101100011010
6023,0x1ae671,110101110011001110001
6024,0x119aae,100011001101010101110
6025,0x022597,000100010010110010111
6026,0x157265,101010111001001100101
6027,0x0aa5ba,010101010010110111010
6028,0x144a66,101000100101001100110
6029,0x03b495,000111011010010010101
6030,0x1a4b8c,110100100101110001100
6031,0x0ba4b7,010111010010010110111
6032,0x195a8a,110010101101010001010
6033,0x0c8c55,011001000110001010101
6034,0x1272ea,100100111001011101010
6035,0x099d47,010011001110101000111
6036,0x156a89,101010110101010001001
6037,0x131d76,100110001110101110110
6038,0x04a28e,001001010001010001110
6039,0x135673,100110101011001110011
6040,0x04a8ae,001001010100010101110
6041,0x1a5459,110100101010001011001
6042,0x05a2ee,001011010001011101110
6043,0x126912,100100110100100010010
6044,0x1c54e4,111000101010011100100
6045,0x112d8b,100010010110110001011
6046,0x04d176,001001101000101110110
6047,0x1324c5,100110010010011000101
6048,0x194b1a,110010100101100011010
6049,0x0894ad,010001001010010101101
6050,0x076272,001110110001001110010
6051,0x18c5c9,110001100010111001001
6052,0x065267,001100101001001100111
6053,0x09a45c,010011010010001011100
6054,0x0711a3,001110001000110100011
6055,0x1cc754,111001100011101010100
6056,0x0768a6,001110110100010100110
6057,0x189311,110001001001100010001
6058,0x054ec9,001010100111011001001
6059,0x12a5d6,100101010010111010110
6060,0x0d6923,011010110100100100011
6061,0x1a7674,110100111011001110100
6062,0x0ea949,011101010100101001001
6063,0x18dcb2,110001101110010110010
6064,0x0d6249,011010110001001001001
6065,0x198cc6,110011000110011000110
6066,0x024739,000100100011100111001
6067,0x19d9ca,110011101100111001010
6068,0x04ae2d,001001010111000101101
6069,0x13518a,100110101000110001010
6070,0x04ae45,001001010111001000101
6071,0x11513b,100010101000100111011
6072,0x0ce696,011001110011010010110
6073,0x0b9a4b,010111001101001001011
6074,0x1a4d1c,110100100110100011100
6075,0x1d12ea,111010001001011101010
6076,0x064dd9,001100100110111011001
6077,0x1ba724,110111010011100100100
6078,0x11daeb,100011101101011101011
6079,0x0a4c56,010100100110001010110
6080,0x12a2ab,100101010001010101011
6081,0x155454,101010101010001010100
6082,0x0ab229,010101011001000101001
6083,0x0c5dc6,011000101110111000110
6084,0x152229,101010010001000101001
6085,0x0abb4e,010101011101101001110
6086,0x1746d5,101110100011011010101
6087,0x129d22,100101001110100100010
6088,0x0d44d9,011010100010011011001
6089,0x12991c,100101001100100011100
6090,0x056762,001010110011101100010
6091,0x1acc9d,110101100110010011101
6092,0x0ce362,011001110001101100010
6093,0x139ca8,100111001110010101000
6094,0x0c51c5,011000101000111000101
6095,0x058e3a,001011000111000111010
6096,0x1a28e5,110100010100011100101
6097,0x0d169a,011010001011010011010
6098,0x0baa25,010111010101000100101
6099,0x14d191,101001101000110010001
6100,0x0b8b77,010111000101101110111
6101,0x1974c8,110010111010011001000
6102,0x0daa37,011011010101000110111
6103,0x12c74a,100101100011101001010
6104,0x055ae5,001010101101011100101
6105,0x18cc5a,110001100110001011010
6106,0x0b7231,010110111001000110001
6107,0x06c5c7,001101100010111000111
6108,0x09b32a,010011011001100101010
6109,0x1454c9,101000101010011001001
6110,0x0aa36c,010101010001101101100
6111,0x139c93,100111001110010010011
6112,0x1d6528,111010110010100101000
6113,0x0e96d7,011101001011011010111
6114,0x1ceb48,111001110101101001000
6115,0x0a389c,010100011100010011100
6116,0x16c753,101101100011101010011
6117,0x096a8e,010010110101010001110
6118,0x12d776,100101101011101110110
6119,0x0d6a9b,011010110101010011011
6120,0x02912d,000101001000100101101
6121,0x0c6c92,011000110110010010010
6122,0x123648,100100011011001001000
6123,0x09d1a2,010011101000110100010
6124,0x0eaa59,011101010101001011001
6125,0x1115a6,100010001010110100110
6126,0x0c6e49,011000110111001001001
6127,0x191715,110010001011100010101
6128,0x076cbb,001110110110010111011
6129,0x1a3b54,110100011101101010100
6130,0x058ce5,001011000110011100101
6131,0x0b675b,010110110011101011011
6132,0x1c9d2c,111001001110100101100
6133,0x03b2d1,000111011001011010001
6134,0x0d4d6e,011010100110101101110
6135,0x127695,100100111011010010101
6136,0x0ec9a3,011101100100110100011
6137,0x15a72c,101011010011100101100
6138,0x091957,010010001100101010111
6139,0x1aaeea,110101010111011101010
6140,0x05d275,001011101001001110101
6141,0x0a31bb,010100011000110111011
6142,0x114c46,100010100110001000110
6143,0x0e74bb,011100111010010111011
6144,0x09c764,010011100011101100100
6145,0x1538cb,101010011100011001011
6146,0x034637,000110100011000110111
6147,0x1d1928,111010001100100101000
6148,0x022ee5,000100010111011100101
6149,0x0c55bb,011000101010110111011
6150,0x039a71,000111001101001110001
6151,0x0466ae,001000110011010101110
6152,0x0b15d3,010110001010111010011
6153,0x16ce26,101101100111000100110
6154,0x0d759a,011010111010110011010
6155,0x12a945,100101010100101000101
6156,0x1c5cb8,111000101110010111000
6157,0x076337,001110110001100110111
6158,0x18ddb8,110001101110110111000
6159,0x033a33,000110011101000110011
6160,0x1445ac,101000100010110101100
6161,0x12bb11,100101011101100010001
6162,0x0d5c6d,011010101110001101101
6163,0x0b23a6,010110010001110100110
6164,0x1c5a68,111000101101001101000
6165,0x0b3114,010110011000100010100
6166,0x06dacb,001101101101011001011
6167,0x1aa676,110101010011001110110
6168,0x09cb8b,010011100101110001011
6169,0x0e56ec,011100101011011101100
6170,0x15a371,101011010001101110001
6171,0x025ca5,000100101110010100101
6172,0x0ceb92,011001110101110010010
6173,0x1b1225,110110001001000100101
6174,0x06ae5a,001101010111001011010
6175,0x194996,110010100100110010110
6176,0x0e96e3,011101001011011100011
6177,0x09494c,010010100100101001100
6178,0x06d6b7,001101101011010110111
6179,0x19374d,110010011011101001101
6180,0x14e234,101001110001000110100
6181,0x192558,110010010010101011000
6182,0x0462b3,001000110001010110011
6183,0x0b9534,010111001010100110100
6184,0x14524b,101000101001001001011
6185,0x0b2c8d,010110010110010001101
6186,0x15523b,101010101001000111011
6187,0x0ceed4,011001110111011010100
6188,0x11a32b,100011010001100101011
6189,0x0d6e91,011010110111010010001
6190,0x08b14e,010001011000101001110
6191,0x0568b1,001010110100010110001
6192,0x0aaa4b,010101010101001001011
6193,0x197196,110010111000110010110
6194,0x16d2e9,101101101001011101001
6195,0x096c97,010010110110010010111
6196,0x06b971,001101011100101110001
6197,0x1d6ec8,111010110111011001000
6198,0x08db33,010001101101100110011
6199,0x0725cd,001110010010111001101
6200,0x08e33b,010001110001100111011
6201,0x076d8e,001110110110110001110
6202,0x194a71,110010100101001110001
6203,0x0639aa,001100011100110101010
6204,0x08c69d,010001100011010011101
6205,0x16493a,101100100100100111010
6206,0x11ae8d,100011010111010001101
6207,0x0e5d6a,011100101110101101010
6208,0x0322c7,000110010001011000111
6209,0x15d11b,101011101000100011011
6210,0x0ae8e7,010101110100011100111
6211,0x131699,100110001011010011001
6212,0x0c4a6d,011000100101001101101
6213,0x05b552,001011011010101010010
6214,0x0e4d9d,011100100110110011101
6215,0x123a36,100100011101000110110
6216,0x1d958c,111011001010110001100
6217,0x023b75,000100011101101110101
6218,0x15a4db,101011010010011011011
6219,0x165334,101100101001100110100
6220,0x09b45b,010011011010001011011
6221,0x12cb66,100101100101101100110
6222,0x0522ba,001010010001010111010
6223,0x1a9955,110101001100101010101
6224,0x0573a9,001010111001110101001
6225,0x0adc67,010101101110001100111
6226,0x047391,001000111001110010001
6227,0x09c646,010011100011001000110
6228,0x0328e9,000110010100011101001
6229,0x04c716,001001100011100010110
6230,0x0326e9,000110010011011101001
6231,0x146b34,101000110101100110100
6232,0x1b9688,110111001011010001000
6233,0x052a56,001010010101001010110
6234,0x1a5738,110100101011100111000
6235,0x156ec6,101010110111011000110
6236,0x089931,010001001100100110001
6237,0x1373ae,100110111001110101110
6238,0x048a63,001001000101001100011
6239,0x0b74b5,010110111010010110101
6240,0x144b4b,101000100101101001011
6241,0x0baab6,010111010101010110110
6242,0x14cc4d,101001100110001001101
6243,0x1b9b96,110111001101110010110
6244,0x03454d,000110100010101001101
6245,0x06b672,001101011011001110010
6246,0x11492b,100010100100100101011
6247,0x163676,101100011011001110110
6248,0x08d1ab,010001101000110101011
6249,0x13ab44,100111010101101000100
6250,0x0e55b7,011100101010110110111
6251,0x159a8c,101011001101010001100
6252,0x0e5351,011100101001101010001
6253,0x11b628,100011011011000101000
6254,0x075915,001110101100100010101
6255,0x16b68b,101101011011010001011
6256,0x0d3972,011010011100101110010
6257,0x11d6ad,100011101011010101101
6258,0x0e331b,011100011001100011011
6259,0x1148c5,100010100100011000101
6260,0x06a722,001101010011100100010
6261,0x1548d1,101010100100011010001
6262,0x0b236e,010110010001101101110
6263,0x15d538,101011101010100111000
6264,0x1a62d1,110100110001011010001
6265,0x05b539,001011011010100111001
6266,0x1ada94,110101101101010010100
6267,0x076e69,001110110111001101001
6268,0x12a9d4,100101010100111010100
6269,0x1d1a22,111010001101000100010
6270,0x0ab4ed,010101011010011101101
6271,0x145a34,101000101101000110100
6272,0x07239b,001110010001110011011
6273,0x19c525,110011100010100100101
6274,0x065cce,001100101110011001110
6275,0x11a3b1,100011010001110110001
6276,0x169c8e,101101001110010001110
6277,0x0d4473,011010100010001110011
6278,0x168ba4,101101000101110100100
6279,0x0d7472,011010111010001110010
6280,0x048cad,001001000110010101101
6281,0x1b635c,110110110001101011100
6282,0x0d1d93,011010001110110010011
6283,0x18e3a8,110001110001110101000
6284,0x0398db,000111001100011011011
6285,0x0ea3ac,011101010001110101100
6286,0x09d953,010011101100101010011
6287,0x1a2da8,110100010110110101000
6288,0x051746,001010001011101000110
6289,0x0bb9ba,010111011100110111010
6290,0x14d669,101001101011001101001
6291,0x19b8b6,110011011100010110110
6292,0x0e56c9,011100101011011001001
6293,0x1ba332,110111010001100110010
6294,0x0c4ce4,011000100110011100100
6295,0x17371d,101110011011100011101
6296,0x08c9ae,010001100100110101110
6297,0x163258,101100011001001011000
6298,0x198a25,110011000101000100101
6299,0x16d498,101101101010010011000
6300,0x05a3a6,001011010001110100110
6301,0x1a55c9,110100101010111001001
6302,0x15ba2c,101011011101000101100
6303,0x09c499,010011100010010011001
6304,0x125a6a,100100101101001101010
6305,0x0d9759,011011001011101011001
6306,0x0274a7,000100111010010100111
6307,0x0dd94a,011011101100101001010
6308,0x12aea3,100101010111010100011
6309,0x0b49ce,010110100100111001110
6310,0x1476a5,101000111011010100101
6311,0x0a395a,010100011100101011010
6312,0x14d324,101001101001100100100
6313,0x03b4e3,000111011010011100011
6314,0x18c95d,110001100100101011101
6315,0x0734c6,001110011010011000110
6316,0x1c69b8,111000110100110111000
6317,0x128a63,100101000101001100011
6318,0x197535,110010111010100110101
6319,0x0c8c9a,011001000110010011010
6320,0x173145,101110011000101000101
6321,0x0c9aba,011001001101010111010
6322,0x1b4768,110110100011101101000
6323,0x168a33,101101000101000110011
6324,0x0b168e,010110001011010001110
6325,0x12ab3b,100101010101100111011
6326,0x145774,101000101011101110100
6327,0x13a989,100111010100110001001
6328,0x0a723a,010100111001000111010
6329,0x058e46,001011000111001000110
6330,0x1651dd,101100101000111011101
6331,0x09aa3b,010011010101000111011
6332,0x1236ed,100100011011011101101
6333,0x074b56,001110100101101010110
6334,0x1ab689,110101011011010001001
6335,0x06cbb6,001101100101110110110
6336,0x1994ea,110011001010011101010
6337,0x124a75,100100100101001110101
6338,0x15659a,101010110010110011010
6339,0x0b38e5,010110011100011100101
6340,0x14c46a,101001100010001101010
6341,0x19abb5,110011010101110110101
6342,0x06315b,001100011000101011011
6343,0x1998e8,110011001100011101000
6344,0x069735,001101001011100110101
6345,0x1d2ad8,111010010101011011000
6346,0x0acd46,010101100110101000110
6347,0x11bba8,100011011101110101000
6348,0x0ad65d,010101101011001011101
6349,0x0c6b8a,011000110101110001010
6350,0x169276,101101001001001110110
6351,0x052589,001010010010110001001
6352,0x1b5c52,110110101110001010010
6353,0x06226b,001100010001001101011
6354,0x1915a5,110010001010110100101
6355,0x076259,001110110001001011001
6356,0x1899ad,110001001100110101101
6357,0x0272d3,000100111001011010011
6358,0x19a629,110011010011000101001
6359,0x1c58c4,111000101100011000100
6360,0x0ba935,010111010100100110101
6361,0x16dcab,101101101110010101011
6362,0x1d22d6,111010010001011010110
6363,0x05d9ab,001011101100110101011
6364,0x125762,100100101011101100010
6365,0x051a99,001010001101010011001
6366,0x1a2596,110100010010110010110
6367,0x0d52d9,011010101001011011001
6368,0x13abb4,100111010101110110100
6369,0x0edd4b,011101101110101001011
6370,0x152eb1,101010010111010110001
6371,0x12496b,100100100100101101011
6372,0x0d2697,011010010011010010111
6373,0x115d68,100010101110101101000
6374,0x12ead3,100101110101011010011
6375,0x17126c,101110001001001101100
6376,0x095d89,010010101110110001001
6377,0x1a9662,110101001011001100010
6378,0x136c99,100110110110010011001
6379,0x08a76a,010001010011101101010
6380,0x171c8d,101110001110010001101
6381,0x0ce275,011001110001001110101
6382,0x1b94d2,110111001010011010010
6383,0x046d2e,001000110110100101110
6384,0x11b252,100011011001001010010
6385,0x03448d,000110100010010001101
6386,0x153976,101010011100101110110
6387,0x02dc99,000101101110010011001
6388,0x196d75,110010110110101110101
6389,0x1688a9,101101000100010101001
6390,0x0b72dc,010110111001011011100
6391,0x0895a3,010001001010110100011
6392,0x1a6a34,110100110101000110100
6393,0x05db9a,001011101101110011010
6394,0x0e34cd,011100011010011001101
6395,0x119328,100011001001100101000
6396,0x0b64d3,010110110010011010011
6397,0x14a76d,101001010011101101101
6398,0x0a7492,010100111010010010010
6399,0x14a24d,101001010001001001101
6400,0x0a6d96,010100110110110010110
6401,0x14b76a,101001011011101101010
6402,0x094693,010010100011010010011
6403,0x144954,101000100100101010100
6404,0x08b6bb,010001011011010111011
6405,0x075372,001110101001101110010
6406,0x09b98c,010011011100110001100
6407,0x176e63,101110110111001100011
6408,0x09b9d6,010011011100111010110
6409,0x0e6e31,011100110111000110001
6410,0x11d4e6,100011101010011100110
6411,0x0b6b4b,010110110101101001011
6412,0x151c95,101010001110010010101
6413,0x0ec72a,011101100011100101010
6414,0x191889,110010001100010001001
6415,0x067476,001100111010001110110
6416,0x11cadb,100011100101011011011
6417,0x0e95a5,011101001010110100101
6418,0x11cc48,100011100110001001000
6419,0x069196,001101001000110010110
6420,0x19656d,110010110010101101101
6421,0x06d9ba,001101101100110111010
6422,0x19b4a5,110011011010010100101
6423,0x045a6a,001000101101001101010
6424,0x1725d6,101110010010111010110
6425,0x05dae9,001011101101011101001
6426,0x18ed4e,110001110110101001110
6427,0x171b93,101110001101110010011
6428,0x1c7628,111000111011000101000
6429,0x0d8b57,011011000101101010111
6430,0x146cec,101000110110011101100
6431,0x0ad31c,010101101001100011100
6432,0x172962,101110010100101100010
6433,0x0916a6,010010001011010100110
6434,0x156b5d,101010110101101011101
6435,0x0ed8b6,011101101100010110110
6436,0x09256b,010010010010101101011
6437,0x16dac6,101101101101011000110
6438,0x0da571,011011010010101110001
6439,0x1a56ee,110100101011011101110
6440,0x0d1971,011010001100101110001
6441,0x12ae9a,100101010111010011010
6442,0x051947,001010001100101000111
6443,0x12ab98,100101010101110011000
6444,0x145ce3,101000101110011100011
6445,0x0a338c,010100011001110001100
6446,0x04cce3,001001100110011100011
6447,0x1b239a,110110010001110011010
6448,0x11dd65,100011101110101100101
6449,0x06a656,001101010011001010110
6450,0x0c4b2b,011000100101100101011
6451,0x129adc,100101001101011011100
6452,0x0c756a,011000111010101101010
6453,0x058e91,001011000111010010001
6454,0x1a6b66,110100110101101100110
6455,0x06a4b3,001101010010010110011
6456,0x192b55,110010010101101010101
6457,0x048dbb,001001000110110111011
6458,0x1da344,111011010001101000100
6459,0x025d8d,000100101110110001101
6460,0x12a673,100101010011001110011
6461,0x1dd98e,111011101100110001110
6462,0x05a631,001011010011000110001
6463,0x18dda6,110001101110110100110
6464,0x15335c,101010011001101011100
6465,0x168d23,101101000110100100011
6466,0x09d28c,010011101001010001100
6467,0x1639d3,101100011100111010011
6468,0x1ad62e,110101101011000101110
6469,0x0389b9,000111000100110111001
6470,0x1546e4,101010100011011100100
6471,0x0e8d5b,011101000110101011011
6472,0x146e8d,101000110111010001101
6473,0x0b1c71,010110001110001110001
6474,0x158ac6,101011000101011000110
6475,0x0e3734,011100011011100110100
6476,0x05cc4e,001011100110001001110
6477,0x16b739,101101011011100111001
6478,0x0dcdc7,011011100110111000111
6479,0x133a5d,100110011101001011101
6480,0x0925a2,010010010010110100010
6481,0x1a5899,110100101100010011001
6482,0x0dad64,011011010110101100100
6483,0x1274d8,100100111010011011000
6484,0x088b47,010001000101101000111
6485,0x1725bb,101110010010110111011
6486,0x08e267,010001110001001100111
6487,0x159d68,101011001110101101000
6488,0x066691,001100110011010010001
6489,0x0b8b6a,010111000101101101010
6490,0x0d5295,011010101001010010101
6491,0x06a76e,001101010011101101110
6492,0x196aa9,110010110101010101001
6493,0x16d945,101101101100101000101
6494,0x0d2eab,011010010111010101011
6495,0x1b5176,110110101000101110110
6496,0x068d2d,001101000110100101101
6497,0x0b6e56,010110110111001010110
6498,0x15c59b,101011100010110011011
6499,0x0b5c66,010110101110001100110
6500,0x11633b,100010110001100111011
6501,0x0a8dd1,010101000110111010001
6502,0x15da2b,101011101101000101011
6503,0x0e71d3,011100111000111010011
6504,0x139dad,100111001110110101101
6505,0x067157,001100111000101010111
6506,0x1ac689,110101100011010001001
6507,0x14ad65,101001010110101100101
6508,0x0b988a,010111001100010001010
6509,0x124565,100100100010101100101
6510,0x151a8a,101010001101010001010
6511,0x08a377,010001010001101110111
6512,0x125d98,100100101110110011000
6513,0x0da32e,011011010001100101110
6514,0x0348b5,000110100100010110101
6515,0x0d3713,011010011011100010011
6516,0x1258ed,100100101100011101101
6517,0x0ba532,010111010010100110010
6518,0x14768b,101000111011010001011
6519,0x098951,010011000100101010001
6520,0x165626,101100101011000100110
6521,0x0bad1a,010111010110100011010
6522,0x1c56b6,111000101011010110110
6523,0x13274a,100110010011101001010
6524,0x0ccd97,011001100110110010111
6525,0x12336b,100100011001101101011
6526,0x1dc934,111011100100100110100
6527,0x136649,100110110011001001001
6528,0x0cdac6,011001101101011000110
6529,0x12471d,100100100011100011101
6530,0x1b98ae,110111001100010101110
6531,0x06b717,001101011011100010111
6532,0x1962c9,110010110001011001001
6533,0x16dc76,101101101110001110110
6534,0x1a238d,110100010001110001101
6535,0x075452,001110101010001010010
6536,0x1c8988,111001000100110001000
6537,0x1b6274,110110110001001110100
6538,0x14accb,101001010110011001011
6539,0x137354,100110111001101010100
6540,0x0ec4e9,011101100010011101001
6541,0x122b72,100100010101101110010
6542,0x0e5cac,011100101110010101100
6543,0x04a313,001001010001100010011
6544,0x1b48a5,110110100100010100101
6545,0x162b4b,101100010101101001011
6546,0x18d4d6,110001101010011010110
6547,0x17232d,101110010001100101101
6548,0x08eed7,010001110111011010111
6549,0x111aa9,100010001101010101001
6550,0x14e946,101001110100101000110
6551,0x1b96e9,110111001011011101001
6552,0x0a5952,010100101100101010010
6553,0x16e299,101101110001010011001
6554,0x1914e4,110010001010011100100
6555,0x0e2a9a,011100010101010011010
6556,0x15c544,101011100010101000100
6557,0x1ae2b6,110101110001010110110
6558,0x035d51,000110101110101010001
6559,0x0495ab,001001001010110101011
6560,0x1a4a44,110100100101001000100
6561,0x119693,100011001011010010011
6562,0x1a7164,110100111000101100100
6563,0x11c69b,100011100011010011011
6564,0x162c44,101100010110001000100
6565,0x1931b5,110010011000110110101
6566,0x074e4e,001110100111001001110
6567,0x1ba592,110111010010110010010
6568,0x145c68,101000101110001101000
6569,0x09bab4,010011011101010110100
6570,0x06d95a,001101101100101011010
6571,0x1c748c,111000111010010001100
6572,0x0ad256,010101101001001010110
6573,0x112b69,100010010101101101001
6574,0x06c6b2,001101100011010110010
6575,0x194d45,110010100110101000101
6576,0x04aae9,001001010101011101001
6577,0x095d9c,010010101110110011100
6578,0x06ce37,001101100111000110111
6579,0x0ba94c,010111010100101001100
6580,0x12d6b1,100101101011010110001
6581,0x0d2d77,011010010110101110111
6582,0x12e294,100101110001010010100
6583,0x0e5ce3,011100101110011100011
6584,0x18a315,110001010001100010101
6585,0x045cab,001000101110010101011
6586,0x138dd6,100111000110111010110
6587,0x0c9634,011001001011000110100
6588,0x12e88b,100101110100010001011
6589,0x0c5674,011000101011001110100
6590,0x0a2dd3,010100010110111010011
6591,0x05c622,001011100011000100010
6592,0x0b1d5c,010110001110101011100
6593,0x156322,101010110001100100010
6594,0x0c9c9c,011001001110010011100
6595,0x115675,100010101011001110101
6596,0x0e3122,011100011000100100010
6597,0x14dadd,101001101101011011101
6598,0x09a73b,010011010011100111011
6599,0x14cec8,101001100111011001000
6600,0x036975,000110110100101110101
6601,0x1294ee,100101001010011101110
6602,0x0d3999,011010011100110011001
6603,0x0a8ce2,010101000110011100010
6604,0x074537,001110100010100110111
6605,0x1b124c,110110001001001001100
6606,0x148d1b,101001000110100011011
6607,0x09626e,010010110001001101110
6608,0x139c71,100111001110001110001
6609,0x0932ae,010010011001010101110
6610,0x068c75,001101000110001110101
6611,0x0553aa,001010101001110101010
6612,0x1b2d44,110110010110101000100
6613,0x04baa5,001001011101010100101
6614,0x19cd88,110011100110110001000
6615,0x0eba66,011101011101001100110
6616,0x192d9d,110010010110110011101
6617,0x02bb29,000101011101100101001
6618,0x096644,010010110011001000100
6619,0x12a891,100101010100010010001
6620,0x09362c,010010011011000101100
6621,0x0eca91,011101100101010010001
6622,0x11b464,100011011010001100100
6623,0x0ad9c9,010101101100111001001
6624,0x052c67,001010010110001100111
6625,0x1ad695,110101101011010010101
6626,0x0da723,011011010011100100011
6627,0x1349cc,100110100100111001100
6628,0x09a4b9,010011010010010111001
6629,0x1c4a2e,111000100101000101110
6630,0x029459,000101001010001011001
6631,0x0968e7,010010110100011100111
6632,0x129d2c,100101001110100101100
6633,0x092e53,010010010111001010011
6634,0x14d9cd,101001101100111001101
6635,0x0db314,011011011001100010100
6636,0x1a65ac,110100110010110101100
6637,0x05da22,001011101101000100010
6638,0x0a2495,010100010010010010101
6639,0x055966,001010101100101100110
6640,0x02e291,000101110001010010001
6641,0x158c45,101011000110001000101
6642,0x09631c,010010110001100011100
6643,0x0a98c7,010101001100011000111
6644,0x16463a,101100100011000111010
6645,0x08e9dc,010001110100111011100
6646,0x172525,101110010010100100101
6647,0x09cad4,010011100101011010100
6648,0x1a35a5,110100011010110100101
6649,0x0dca96,011011100101010010110
6650,0x06944d,001101001010001001101
6651,0x19ccb1,110011100110010110001
6652,0x0623a7,001100010001110100111
6653,0x119532,100011001010100110010
6654,0x0cc8e5,011001100100011100101
6655,0x03119b,000110001000110011011
6656,0x14aa25,101001010101000100101
6657,0x057553,001010111010101010011
6658,0x0ec9a4,011101100100110100100
6659,0x11b263,100011011001001100011
6660,0x022b95,000100010101110010101
6661,0x17592e,101110101100100101110
6662,0x04a2d5,001001010001011010101
6663,0x1a4d25,110100100110100100101
6664,0x073a5b,001110011101001011011
6665,0x11c6b4,100011100011010110100
6666,0x0ab1c9,010101011000111001001
6667,0x1516b4,101010001011010110100
6668,0x0ce8a3,011001110100010100011
6669,0x1a351d,110100011010100011101
6670,0x074ec7,001110100111011000111
6671,0x1db93a,111011011100100111010
6672,0x0b2649,010110010011001001001
6673,0x02d177,000101101000101110111
6674,0x162ca8,101100010110010101000
6675,0x091356,010010001001101010110
6676,0x18ee28,110001110111000101000
6677,0x035db7,000110101110110110111
6678,0x198a2a,110011000101000101010
6679,0x0495b1,001001001010110110001
6680,0x176288,101110110001010001000
6681,0x09ad62,010011010110101100010
6682,0x1472d9,101000111001011011001
6683,0x072d56,001110010110101010110
6684,0x09d6a3,010011101011010100011
6685,0x12b1cc,100101011000111001100
6686,0x0c8ed9,011001000111011011001
6687,0x026937,000100110100100110111
6688,0x149ce8,101001001110011101000
6689,0x08d395,010001101001110010101
6690,0x156648,101010110011001001000
6691,0x02b193,000101011000110010011
6692,0x15645c,101010110010001011100
6693,0x0a9ae5,010101001101011100101
6694,0x06c75a,001101100011101011010
6695,0x19daac,110011101101010101100
6696,0x1a3656,110100011011001010110
6697,0x0545cd,001010100010111001101
6698,0x1a2b22,110100010101100100010
6699,0x15c4d4,101011100010011010100
6700,0x0ea8a2,011101010100010100010
6701,0x11725c,100010111001001011100
6702,0x08a4aa,010001010010010101010
6703,0x166a5d,101100110101001011101
6704,0x18b5ba,110001011010110111010
6705,0x072e65,001110010111001100101
6706,0x04b1aa,001001011000110101010
6707,0x0a5447,010100101010001000111
6708,0x1d239c,111010010001110011100
6709,0x08c6eb,010001100011011101011
6710,0x1b9154,110111001000101010100
6711,0x164aee,101100100101011101110
6712,0x0bb55a,010111011010101011010
6713,0x162aa5,101100010101010100101
6714,0x1d1452,111010001010001010010
6715,0x12696d,100100110100101101101
6716,0x171252,101110001001001010010
6717,0x0cacb6,011001010110010110110
6718,0x175368,101110101001101101000
6719,0x072e37,001110010111000110111
6720,0x199469,110011001010001101001
6721,0x174a92,101110100101010010010
6722,0x08b164,010001011000101100100
6723,0x1556d1,101010101011011010001
6724,0x0eb8ca,011101011100011001010
6725,0x135b74,100110101101101110100
6726,0x06b59a,001101011010110011010
6727,0x198a6c,110011000101001101100
6728,0x156dd1,101010110110111010001
6729,0x0ad635,010101101011000110101
6730,0x1769ba,101110110100110111010
6731,0x0d946d,011011001010001101101
6732,0x196b32,110010110101100110010
6733,0x1698cc,101101001100011001100
6734,0x1564b2,101010110010010110010
6735,0x08bb53,010001011101101010011
6736,0x1b458d,110110100010110001101
6737,0x047262,001000111001001100010
6738,0x1ba5b8,110111010010110111000
6739,0x026e4d,000100110111001001101
6740,0x1b92b1,110111001001010110001
6741,0x1568c4,101010110100011000100
6742,0x0d9731,011011001011100110001
6743,0x126aa6,100100110101010100110
6744,0x18c455,110001100010001010101
6745,0x075aea,001110101101011101010
6746,0x12ed1c,100101110110100011100
6747,0x1352e3,100110101001011100011
6748,0x0dc93a,011011100100100111010
6749,0x162265,101100010001001100101
6750,0x0ba58a,010111010010110001010
6751,0x14ba38,101001011101000111000
6752,0x0a49cb,010100100100111001011
6753,0x0d9724,011011001011100100100
6754,0x1398eb,100111001100011101011
6755,0x14eb15,101001110101100010101
6756,0x0a74e9,010100111010011101001
6757,0x158995,101011000100110010101
6758,0x0e372a,011100011011100101010
6759,0x0388c7,000111000100011000111
6760,0x0cb3b4,011001011001110110100
6761,0x074c49,001110100110001001001
6762,0x0abb97,010101011101110010111
6763,0x15144b,101010001010001001011
6764,0x08da91,010001101101010010001
6765,0x076d26,001110110110100100110
6766,0x18b459,110001011010001011001
6767,0x072ea6,001110010111010100110
6768,0x19b139,110011011000100111001
6769,0x068e53,001101000111001010011
6770,0x1b3888,110110011100010001000
6771,0x16a271,101101010001001110001
6772,0x095b9b,010010101101110011011
6773,0x12b274,100101011001001110100
6774,0x0c68a9,011000110100010101001
6775,0x1176ce,100010111011011001110
6776,0x0d9b74,011011001101101110100
6777,0x04648b,001000110010010001011
6778,0x1b8a58,110111000101001011000
6779,0x0c54b2,011000101010010110010
6780,0x11a92d,100011010100100101101
6781,0x0a5673,010100101011001110011
6782,0x158ba8,101011000101110101000
6783,0x097474,010010111010001110100
6784,0x06989a,001101001100010011010
6785,0x18e6a5,110001110011010100101
6786,0x05b922,001011011100100100010
6787,0x0956d5,010010101011011010101
6788,0x048ba2,001001000101110100010
6789,0x13b26d,100111011001001101101
6790,0x194d9a,110010100110110011010
6791,0x1a3b71,110100011101101110001
6792,0x0454e2,001000101010011100010
6793,0x1b2b29,110110010101100101001
6794,0x0cd493,011001101010010010011
6795,0x1222e4,100100010001011100100
6796,0x056936,001010110100100110110
6797,0x1aa4a9,110101010010010101001
6798,0x04574e,001000101011101001110
6799,0x192cb9,110010010110010111001
6800,0x0a5776,010100101011101110110
6801,0x0488ab,001001000100010101011
6802,0x1b5dd1,110110101110111010001
6803,0x149a36,101001001101000110110
6804,0x0b69ad,010110110100110101101
6805,0x148e38,101001000111000111000
6806,0x0576d7,001010111011011010111
6807,0x18896c,110001000100101101100
6808,0x1376da,100110111011011011010
6809,0x1d8da2,111011000110110100010
6810,0x162294,101100010001010010100
6811,0x11cb6b,100011100101101101011
6812,0x06348a,001100011010010001010
6813,0x096e77,010010110111001110111
6814,0x12d3b8,100101101001110111000
6815,0x192cc4,110010010110011000100
6816,0x055229,001010101001000101001
6817,0x188d12,110001000110100010010
6818,0x1668eb,101100110100011101011
6819,0x118d18,100011000110100011000
6820,0x02b8ab,000101011100010101011
6821,0x15535a,101010101001101011010
6822,0x03ac6d,000111010110001101101
6823,0x195732,110010101011100110010
6824,0x0391cd,000111001000111001101
6825,0x116e92,100010110111010010010
6826,0x039467,000111001010001100111
6827,0x0d23b9,011010010001110111001
6828,0x12d76c,100101101011101101100
6829,0x0b229b,010110010001010011011
6830,0x088d64,010001000110101100100
6831,0x137293,100110111001010010011
6832,0x19c72e,110011100011100101110
6833,0x165898,101100101100010011000
6834,0x0a9325,010101001001100100101
6835,0x1168ee,100010110100011101110
6836,0x129171,100101001000101110001
6837,0x0d4a37,011010100101000110111
6838,0x12e588,100101110010110001000
6839,0x175173,101110101000101110011
6840,0x0cbb8b,011001011101110001011
6841,0x172662,101110010011001100010
6842,0x0ccb1d,011001100101100011101
6843,0x1335a3,100110011010110100011
6844,0x16ca34,101101100101000110100
6845,0x0925d9,010010010010111011001
6846,0x1cd292,111001101001010010010
6847,0x131d28,100110001110100101000
6848,0x06e653,001101110011001010011
6849,0x0519a6,001010001100110100110
6850,0x0a4eb9,010100100111010111001
6851,0x117172,100010111000101110010
6852,0x16ec94,101101110110010010100
6853,0x0914eb,010010001010011101011
6854,0x16c911,101101100100100010001
6855,0x09646c,010010110010001101100
6856,0x0c9d11,011001001110100010001
6857,0x123bae,100100011101110101110
6858,0x0d9244,011011001001001000100
6859,0x02ebab,000101110101110101011
6860,0x1d1158,111010001000101011000
6861,0x068eba,001101000111010111010
6862,0x1b7324,110110111001100100100
6863,0x0da9da,011011010100111011010
6864,0x134763,100110100011101100011
6865,0x1da59c,111011010010110011100
6866,0x12dae3,100101101101011100011
6867,0x0d2529,011010010010100101001
6868,0x16d65d,101101101011001011101
6869,0x152923,101010010100100100011
6870,0x0b1254,010110001001001010100
6871,0x154ca3,101010100110010100011
6872,0x02b319,000101011001100011001
6873,0x15cdd6,101011100110111010110
6874,0x0e3a22,011100011101000100010
6875,0x13b5d8,100111011010111011000
6876,0x0c4ba6,011000100101110100110
6877,0x19b891,110011011100010010001
6878,0x0a716e,010100111000101101110
6879,0x15cc8a,101011100110010001010
6880,0x0b6b4c,010110110101101001100
6881,0x14b2a3,101001011001010100011
6882,0x0ece5a,011101100111001011010
6883,0x12b4e4,100101011010011100100
6884,0x0e59bb,011100101100110111011
6885,0x11bb56,100011011101101010110
6886,0x0e8e89,011101000111010001001
6887,0x176534,101110110010100110100
6888,0x0dd24b,011011101001001001011
6889,0x172d36,101110010110100110110
6890,0x0b12cd,010110001001011001101
6891,0x062d12,001100010110100010010
6892,0x1dd2ec,111011101001011101100
6893,0x062e32,001100010111000110010
6894,0x11bb9d,100011011101110011101
6895,0x0b4572,010110100010101110010
6896,0x149d89,101001001110110001001
6897,0x092771,010010010011101110001
6898,0x06929b,001101001001010011011
6899,0x11ab22,100011010101100100010
6900,0x0e65d1,011100110010111010001
6901,0x1b8eae,110111000111010101110
6902,0x171111,101110001000100010001
6903,0x08cea2,010001100111010100010
6904,0x073759,001110011011101011001
6905,0x09dae2,010011101101011100010
6906,0x176995,101110110100110010101
6907,0x0ed6ba,011101101011010111010
6908,0x19b971,110011011100101110001
6909,0x071492,001110001010010010010
6910,0x09ae6b,010011010111001101011
6911,0x0ad594,010101101010110010100
6912,0x1d233a,111010010001100111010
6913,0x125dc5,100100101110111000101
6914,0x09d73b,010011101011100111011
6915,0x16cce8,101101100110011101000
6916,0x09a714,010011010011100010100
6917,0x0a5aeb,010100101101011101011
6918,0x03a395,000111010001110010101
6919,0x164e2b,101100100111000101011
6920,0x09959d,010011001010110011101
6921,0x063976,001100011100101110110
6922,0x0dc659,011011100011001011001
6923,0x0aadb6,010101010110110110110
6924,0x14d6da,101001101011011011010
6925,0x05ad27,001011010110100100111
6926,0x1adb49,110101101101101001001
6927,0x0714ee,001110001010011101110
6928,0x12e338,100101110001100111000
6929,0x071c46,001110001110001000110
6930,0x14ab1a,101001010101100011010
6931,0x0b5ce9,010110101110011101001
6932,0x0aae54,010101010111001010100
6933,0x05138b,001010001001110001011
6934,0x0e2e44,011100010111001000100
6935,0x05c9b2,001011100100110110010
6936,0x1b148c,110110001010010001100
6937,0x0649ab,001100100100110101011
6938,0x089474,010001001010001110100
6939,0x06638b,001100110001110001011
6940,0x0d98b4,011011001100010110100
6941,0x1b715a,110110111000101011010
6942,0x14dda4,101001101110110100100
6943,0x093a56,010010011101001010110
6944,0x0545b9,001010100010110111001
6945,0x0ea64c,011101010011001001100
6946,0x131b9a,100110001101110011010
6947,0x0db66b,011011011011001101011
6948,0x12ddb5,100101101110110110101
6949,0x09a6ea,010011010011011101010
6950,0x0a5d37,010100101110100110111
6951,0x1b2288,110110010001010001000
6952,0x09c8b7,010011100100010110111
6953,0x123351,100100011001101010001
6954,0x0d88e2,011011000100011100010
6955,0x0e358c,011100011010110001100
6956,0x115b53,100010101101101010011
6957,0x1d2ca8,111010010110010101000
6958,0x055ad7,001010101101011010111
6959,0x19974e,110011001011101001110
6960,0x022dbb,000100010110110111011
6961,0x0dd25c,011011101001001011100
6962,0x171dcb,101110001110111001011
6963,0x19d636,110011101011000110110
6964,0x0e295d,011100010100101011101
6965,0x189ce6,110001001110011100110
6966,0x0b3289,010110011001010001001
6967,0x068c62,001101000110001100010
6968,0x19b9a5,110011011100110100101
6969,0x0244db,000100100010011011011
6970,0x15aea2,101011010111010100010
6971,0x075559,001110101010101011001
6972,0x1968a4,110010110100010100100
6973,0x0e9691,011101001011010010001
6974,0x11994e,100011001100101001110
6975,0x1444b1,101000100010010110001
6976,0x0b1a72,010110001101001110010
6977,0x15a9dd,101011010100111011101
6978,0x0a5531,010100101010100110001
6979,0x044ada,001000100101011011010
6980,0x16b224,101101011001000100100
6981,0x096d4b,010010110110101001011
6982,0x0eba95,011101011101010010101
6983,0x154dca,101010100110111001010
6984,0x0ba234,010111010001000110100
6985,0x19dc4a,110011101110001001010
6986,0x0a233b,010100010001100111011
6987,0x1cecb4,111001110110010110100
6988,0x031a29,000110001101000101001
6989,0x056576,001010110010101110110
6990,0x0dbaa9,011011011101010101001
6991,0x16d513,101101101010100010011
6992,0x0c4adc,011000100101011011100
6993,0x073529,001110011010100101001
6994,0x18ae52,110001010111001010010
6995,0x0a58ee,010100101100011101110
6996,0x0ba291,010111010001010010001
6997,0x194b2d,110010100101100101101
6998,0x16b63a,101101011011000111010
6999,0x1b5995,110110101100110010101
7000,0x052e3b,001010010111000111011
7001,0x18e58d,110001110010110001101
7002,0x0d5a32,011010101101000110010
7003,0x18a65c,110001010011001011100
7004,0x031ae3,000110001101011100011
7005,0x16ad88,101101010110110001000
7006,0x034b53,000110100101101010011
7007,0x16b128,101101011000100101000
7008,0x0d6ee5,011010110111011100101
7009,0x13b314,100111011001100010100
7010,0x0a6ecb,010100110111011001011
7011,0x16c9b4,101101100100110110100
7012,0x09b64c,010011011011001001100
7013,0x164493,101100100010010010011
7014,0x09736c,010010111001101101100
7015,0x1328b3,100110010100010110011
7016,0x147364,101000111001101100100
7017,0x0a8c4b,010101000110001001011
7018,0x153bb8,101010011101110111000
7019,0x06d447,001101101010001000111
7020,0x1b3aba,110110011101010111010
7021,0x02d755,000101101011101010101
7022,0x1d6a38,111010110101000111000
7023,0x12b746,100101011011101000110
7024,0x0d6d1b,011010110110100011011
7025,0x0abadc,010101011101011011100
7026,0x074722,001110100011100100010
7027,0x1898ba,110001001100010111010
7028,0x0d6b54,011010110101101010100
7029,0x131cb2,100110001110010110010
7030,0x08a35a,010001010001101011010
7031,0x1754ad,101110101010010101101
7032,0x08db52,010001101101101010010
7033,0x162c6d,101100010110001101101
7034,0x0d9532,011011001010100110010
7035,0x0aca89,010101100101010001001
7036,0x111676,100010001011001110110
7037,0x0ac9ba,010101100100110111010
7038,0x046e47,001000110111001000111
7039,0x1b1b18,110110001101100011000
7040,0x046672,001000110011001110010
7041,0x131d1d,100110001110100011101
7042,0x0ca632,011001010011000110010
7043,0x14598c,101000101100110001100
7044,0x08b631,010001011011000110001
7045,0x1d69d2,111010110100111010010
7046,0x068a4d,001101000101001001101
7047,0x1144ba,100010100010010111010
7048,0x0ea927,011101010100100100111
7049,0x12d2ca,100101101001011001010
7050,0x0d1937,011010001100100110111
7051,0x12d5c8,100101101010111001000
7052,0x0d2294,011010010001010010100
7053,0x1acb6c,110101100101101101100
7054,0x0b311b,010110011000100011011
7055,0x146ed4,101000110111011010100
7056,0x0b992a,010111001100100101010
7057,0x144695,101000100011010010101
7058,0x1b1972,110110001100101110010
7059,0x0c689d,011000110100010011101
7060,0x1393a2,100111001001110100010
7061,0x18e66d,110001110011001101101
7062,0x1d988a,111011001100010001010
7063,0x0ae554,010101110010101010100
7064,0x1498aa,101001001100010101010
7065,0x0a45d3,010100100010111010011
7066,0x05922e,001011001001000101110
7067,0x1a29d5,110100010100111010101
7068,0x0d96ab,011011001011010101011
7069,0x12ec53,100101110110001010011
7070,0x0d1a6c,011010001101001101100
7071,0x12e2b3,100101110001010110011
7072,0x0c552d,011000101010100101101
7073,0x1baed2,110111010111011010010
7074,0x0251b5,000100101000110110101
7075,0x0aec5a,010101110110001011010
7076,0x05b347,001011011001101000111
7077,0x0b45ba,010110100010110111010
7078,0x15d34c,101011101001101001100
7079,0x0b64b6,010110110010010110110
7080,0x1c8962,111001000100101100010
7081,0x0b7589,010110111010110001001
7082,0x068ab5,001101000101010110101
7083,0x0d68cb,011010110100011001011
7084,0x0ad6d4,010101101011011010100
7085,0x046d23,001000110110100100011
7086,0x1baa9c,110111010101010011100
7087,0x0e4767,011100100011101100111
7088,0x13b8aa,100111011100010101010
7089,0x095b47,010010101101101000111
7090,0x14ecaa,101001110110010101010
7091,0x1a5374,110100101001101110100
7092,0x098e9b,010011000111010011011
7093,0x0a656c,010100110010101101100
7094,0x16d393,101101101001110010011
7095,0x08a4ec,010001010010011101100
7096,0x1b5491,110110101010010010001
7097,0x0cab8e,011001010101110001110
7098,0x191659,110010001011001011001
7099,0x0e39a4,011100011100110100100
7100,0x19469a,110010100011010011010
7101,0x07394d,001110011100101001101
7102,0x0894e2,010001001010011100010
7103,0x1aea5c,110101110101001011100
7104,0x113622,100010011011000100010
7105,0x0e68db,011100110100011011011
7106,0x1ab6c4,110101011011011000100
7107,0x05451a,001010100010100011010
7108,0x09aaa7,010011010101010100111
7109,0x12e558,100101110010101011000
7110,0x0d2ea4,011010010111010100100
7111,0x14d1bb,101001101000110111011
7112,0x0b3345,010110011001101000101
7113,0x16c68a,101101100011010001010
7114,0x0bb951,010111011100101010001
7115,0x1c5c6e,111000101110001101110
7116,0x132295,100110010001010010101
7117,0x0add2e,010101101110100101110
7118,0x1728da,101110010100011011010
7119,0x0cb223,011001011001000100011
7120,0x134d24,100110100110100100100
7121,0x0ba259,010111010001001011001
7122,0x191534,110010001010100110100
7123,0x04625a,001000110001001011010
7124,0x028da7,000101000110110100111
7125,0x0b71d9,010110111000111011001
7126,0x1daa66,111011010101001100110
7127,0x025cc9,000100101110011001001
7128,0x0cbb9c,011001011101110011100
7129,0x03a45b,000111010010001011011
7130,0x0c59dc,011000101100111011100
7131,0x0b9663,010111001011001100011
7132,0x15add8,101011010110111011000
7133,0x0ad22c,010101101001000101100
7134,0x092d52,010010010110101010010
7135,0x02eaad,000101110101010101101
7136,0x0d4d11,011010100110100010001
7137,0x12a2d8,100101010001011011000
7138,0x0e4b17,011100100101100010111
7139,0x15a451,101011010010001010001
7140,0x08ba2e,010001011101000101110
7141,0x174731,101110100011100110001
7142,0x08c8e2,010001100100011100010
7143,0x04b71d,001001011011100011101
7144,0x136cba,100110110110010111010
7145,0x093b5d,010010011101101011101
7146,0x1c44ba,111000100010010111010
7147,0x1ba345,110111010001101000101
7148,0x155d3a,101010101110100111010
7149,0x0a2367,010100010001101100111
7150,0x1dca9c,111011100101010011100
7151,0x13a731,100111010011100110001
7152,0x1c738a,111000111001110001010
7153,0x0e8d71,011101000110101110001
7154,0x11738a,100010111001110001010
7155,0x02ca45,000101100101001000101
7156,0x1c45d2,111000100010111010010
7157,0x05bb89,001011011101110001001
7158,0x0a4a57,010100100101001010111
7159,0x1716cc,101110001011011001100
7160,0x02c8bb,000101100100010111011
7161,0x1a7768,110100111011101101000
7162,0x051991,001010001100110010001
7163,0x1ace4d,110101100111001001101
7164,0x057223,001010111001000100011
7165,0x1288ce,100101000100011001110
7166,0x09b672,010011011011001110010
7167,0x1299bb,100101001100110111011
7168,0x1d4668,111010100011001101000
7169,0x0239a3,000100011100110100011
7170,0x1d8e72,111011000111001110010
7171,0x0a35ce,010100011010111001110
7172,0x14da9b,101001101101010011011
7173,0x0ea92c,011101010100100101100
7174,0x15d493,101011101010010010011
7175,0x1a3a6d,110100011101001101101
7176,0x0c6d94,011000110110110010100
7177,0x11cae8,100011100101011101000
7178,0x0d71b6,011010111000110110110
7179,0x16c6e3,101101100011011100011
7180,0x0b911c,010111001000100011100
7181,0x022e93,000100010111010010011
7182,0x19156e,110010001010101101110
7183,0x03a389,000111010001110001001
7184,0x0c9957,011001001100101010111
7185,0x1946a9,110010100011010101001
7186,0x122dd2,100100010110111010010
7187,0x0dcb67,011011100101101100111
7188,0x16244a,101100010010001001010
7189,0x0adbb6,010101101101110110110
7190,0x112359,100010010001101011001
7191,0x0e8cac,011101000110010101100
7192,0x12db92,100101101101110010010
7193,0x0dc455,011011100010001010101
7194,0x123922,100100011100100100010
7195,0x0d268d,011010010011010001101
7196,0x12d453,100101101010001010011
7197,0x0cbb24,011001011101100100100
7198,0x1b665d,110110110011001011101
7199,0x088cae,010001000110010101110
7200,0x13115d,100110001000101011101
7201,0x1ce664,111001110011001100100
7202,0x131139,100110001000100111001
7203,0x066457,001100110010001010111
7204,0x195aee,110010101101011101110
7205,0x05a755,001011010011101010101
7206,0x1a48e4,110100100100011100100
7207,0x0dbb1a,011011011101100011010
7208,0x16e5ad,101101110010110101101
7209,0x194e4a,110010100111001001010
7210,0x02a9a9,000101010100110101001
7211,0x1dd22e,111011101001000101110
7212,0x13ac95,100111010110010010101
7213,0x08d274,010001101001001110100
7214,0x152edb,101010010111011011011
7215,0x0b75a4,010110111010110100100
7216,0x05a252,001011010001001010010
7217,0x1634ad,101100011010010101101
7218,0x0ac8da,010101100100011011010
7219,0x153339,101010011001100111001
7220,0x098da7,010011000110110100111
7221,0x1ad2d8,110101101001011011000
7222,0x071d36,001110001110100110110
7223,0x19a2e8,110011010001011101000
7224,0x06ddd3,001101101110111010011
7225,0x1329ae,100110010100110101110
7226,0x15dc51,101011101110001010001
7227,0x0b273a,010110010011100111010
7228,0x12d2c4,100101101001011000100
7229,0x0929a3,010010010100110100011
7230,0x0eceec,011101100111011101100
7231,0x14518b,101000101000110001011
7232,0x03b277,000111011001001110111
7233,0x146948,101000110100101001000
7234,0x1a9c76,110101001110001110110
7235,0x1462cb,101000110001011001011
7236,0x0b1556,010110001010101010110
7237,0x06eceb,001101110110011101011
7238,0x1a5b16,110100101101100010110
7239,0x0714e3,001110001010011100011
7240,0x14ad34,101001010110100110100
7241,0x037249,000110111001001001001
7242,0x1d458e,111010100010110001110
7243,0x1a7271,110100111001001110001
7244,0x072d97,001110010110110010111
7245,0x125b38,100100101101100111000
7246,0x192c96,110010010110010010110
7247,0x169169,101101001000101101001
7248,0x192e32,110010010111000110010
7249,0x025999,000100101100110011001
7250,0x1d62e4,111010110001011100100
7251,0x11cd3b,100011100110100111011
7252,0x1cb296,111001011001010010110
7253,0x17594a,101110101100101001010
7254,0x0ce3b5,011001110001110110101
7255,0x138e6e,100111000111001101110
7256,0x097171,010010111000101110001
7257,0x16cb8e,101101100101110001110
7258,0x0375d1,000110111010111010001
7259,0x148c6e,101001000110001101110
7260,0x1762d1,101110110001011010001
7261,0x09553a,010010101010100111010
7262,0x16aad1,101101010101011010001
7263,0x0a746a,010100111010001101010
7264,0x188e35,110001000111000110101
7265,0x1765a6,101110110010110100110
7266,0x0cdcd9,011001101110011011001
7267,0x1ab336,110101011001100110110
7268,0x05dd8d,001011101110110001101
7269,0x1b6e39,110110110111000111001
7270,0x14b555,101001011010101010101
7271,0x1ac8ea,110101100100011101010
7272,0x037635,000110111011000110101
7273,0x1cc96e,111001100100101101110
7274,0x0226a3,000100010011010100011
7275,0x156974,101010110100101110100
7276,0x0ed28b,011101101001010001011
7277,0x11dd36,100011101110100110110
7278,0x0d29dc,011010010100111011100
7279,0x0a5a37,010100101101000110111
7280,0x1ba68a,110111010011010001010
7281,0x054e65,001010100111001100101
7282,0x1a399d,110100011100110011101
7283,0x054466,001010100010001100110
7284,0x189bb9,110001001101110111001
7285,0x1164a6,100010110010010100110
7286,0x0a9357,010101001001101010111
7287,0x146e6a,101000110111001101010
7288,0x1db994,111011011100110010100
7289,0x08ce5b,010001100111001011011
7290,0x16322d,101100011001000101101
7291,0x1946d1,110010100011011010001
7292,0x0edd23,011101101110100100011
7293,0x13469c,100110100011010011100
7294,0x16b963,101101011100101100011
7295,0x095699,010010101011010011001
7296,0x0ea727,011101010011100100111
7297,0x191a5a,110010001101001011010
7298,0x06ceb1,001101100111010110001
7299,0x09132e,010010001001100101110
7300,0x15cdb3,101011100110110110011
7301,0x02974d,000101001011101001101
7302,0x11a9b2,100011010100110110010
7303,0x0cda2e,011001101101000101110
7304,0x11a499,100011010010010011001
7305,0x0ceb4e,011001110101101001110
7306,0x0516b9,001010001011010111001
7307,0x08eb26,010001110101100100110
7308,0x13b44a,100111011010001001010
7309,0x0969b7,010010110100110110111
7310,0x048e6a,001001000111001101010
7311,0x1b4b89,110110100101110001001
7312,0x0e34b4,011100011010010110100
7313,0x196b4e,110010110101101001110
7314,0x0e9cb2,011101001110010110010
7315,0x04e759,001001110011101011001
7316,0x1d5cb6,111010101110010110110
7317,0x12bb8b,100101011101110001011
7318,0x0d4496,011010100010010010110
7319,0x131b89,100110001101110001001
7320,0x0c6527,011000110010100100111
7321,0x132ed6,100110010111011010110
7322,0x0c736b,011000111001101101011
7323,0x12a44e,100101010010001001110
7324,0x054d95,001010100110110010101
7325,0x1cbaaa,111001011101010101010
7326,0x075d47,001110101110101000111
7327,0x11b198,100011011000110011000
7328,0x0c5622,011000101011000100010
7329,0x0324d1,000110010010011010001
7330,0x1c89ae,111001000100110101110
7331,0x037373,000110111001101110011
7332,0x0a8e2c,010101000111000101100
7333,0x1c7152,111000111000101010010
7334,0x0aa4e7,010101010010011100111
7335,0x16538c,101100101001110001100
7336,0x0b38d2,010110011100011010010
7337,0x14772e,101000111011100101110
7338,0x195891,110010101100010010001
7339,0x069363,001101001001101100011
7340,0x1b4ea8,110110100111010101000
7341,0x14b135,101001011000100110101
7342,0x076e2e,001110110111000101110
7343,0x08b1d2,010001011000111010010
7344,0x034e45,000110100111001000101
7345,0x18b5ac,110001011010110101100
7346,0x176a53,101110110101001010011
7347,0x0a95cc,010101001010111001100
7348,0x193a36,110010011101000110110
7349,0x16c555,101101100010101010101
7350,0x0daba2,011011010101110100010
7351,0x124e53,100100100111001010011
7352,0x0bb5ac,010111011010110101100
7353,0x15126b,101010001001001101011
7354,0x0a949c,010101001010010011100
7355,0x072a47,001110010101001000111
7356,0x088d2a,010001000110100101010
7357,0x1575d8,101010111010111011000
7358,0x0a9b37,010101001101100110111
7359,0x1534ca,101010011010011001010
7360,0x1258b6,100100101100010110110
7361,0x0d451d,011010100010100011101
7362,0x169ba3,101101001101110100011
7363,0x0b22d5,010110010001011010101
7364,0x11dda3,100011101110110100011
7365,0x0a374c,010100011011101001100
7366,0x159db1,101011001110110110001
7367,0x08ea44,010001110101001000100
7368,0x05152a,001010001010100101010
7369,0x08a2c7,010001010001011000111
7370,0x1adc58,110101101110001011000
7371,0x0d4ae7,011010100101011100111
7372,0x12891a,100101000100100011010
7373,0x1972e8,110010111001011101000
7374,0x06296e,001100010100101101110
7375,0x195696,110010101011010010110
7376,0x0da359,011011010001101011001
7377,0x124aa5,100100100101010100101
7378,0x1ab65a,110101011011001011010
7379,0x146dc5,101000110110111000101
7380,0x1b1aea,110110001101011101010
7381,0x15ad55,101011010110101010101
7382,0x0d518e,011010101000110001110
7383,0x16b758,101101011011101011000
7384,0x1b64a2,110110110010010100010
7385,0x05b299,001011011001010011001
7386,0x0b4564,010110100010101100100
7387,0x1cb6b8,111001011011010111000
7388,0x06c916,001101100100100010110
7389,0x0a246b,010100010010001101011
7390,0x0d5914,011010101100100010100
7391,0x122acc,100100010101011001100
7392,0x0d9d27,011011001110100100111
7393,0x1a2b1a,110100010101100011010
7394,0x0dd2e7,011011101001011100111
7395,0x1a4552,110100100010101010010
7396,0x06a22d,001101010001000101101
7397,0x095d13,010010101110100010011
7398,0x0e8a8e,011101000101010001110
7399,0x03716b,000110111000101101011
7400,0x1c9626,111001001011000100110
7401,0x076e99,001110110111010011001
7402,0x18c946,110001100100101000110
7403,0x0626ba,001100010011010111010
7404,0x188d45,110001000110101000101
7405,0x074eb2,001110100111010110010
7406,0x19d1c9,110011101000111001001
7407,0x054e56,001010100111001010110
7408,0x12b1a2,100101011000110100010
7409,0x0c4c69,011000100110001101001
7410,0x11ba93,100011011101010010011
7411,0x0ac75c,010101100011101011100
7412,0x152db2,101010010110110110010
7413,0x0a5265,010100101001001100101
7414,0x14a9ca,101001010100111001010
7415,0x034e73,000110100111001110011
7416,0x153944,101010011100101000100
7417,0x02dcb3,000101101110010110011
7418,0x19298c,110010010100110001100
7419,0x14d623,101001101011000100011
7420,0x0b75d6,010110111010111010110
7421,0x1d892a,111011000100100101010
7422,0x12b491,100101011010010010001
7423,0x0c466c,011000100011001101100
7424,0x1191c5,100011001000111000101
7425,0x0dae22,011011010111000100010
7426,0x0a5d5d,010100101110101011101
7427,0x172eea,101110010111011101010
7428,0x195355,110010101001101010101
7429,0x0e6eac,011100110111010101100
7430,0x111d49,100010001110101001001
7431,0x1aabb6,110101010101110110110
7432,0x0c4589,011000100010110001001
7433,0x153b34,101010011101100110100
7434,0x088d89,010001000110110001001
7435,0x11716e,100010111000101101110
7436,0x0ca6d3,011001010011011010011
7437,0x1a5d29,110100101110100101001
7438,0x08b2ee,010001011001011101110
7439,0x076951,001110110100101010001
7440,0x0a93a6,010101001001110100110
7441,0x146ddc,101000110110111011100
7442,0x1346a3,100110100011010100011
7443,0x16315c,101100011000101011100
7444,0x0946e7,010010100011011100111
7445,0x023519,000100011010100011001
7446,0x11aad6,100011010101011010110
7447,0x051dad,001010001110110101101
7448,0x0ab753,010101011011101010011
7449,0x0d4db4,011010100110110110100
7450,0x02ca59,000101100101001011001
7451,0x1c7122,111000111000100100010
7452,0x0a8c4c,010101000110001001100
7453,0x177319,101110111001100011001
7454,0x0a2ac7,010100010101011000111
7455,0x1dd234,111011101001000110100
7456,0x0a28da,010100010100011011010
7457,0x05c715,001011100011100010101
7458,0x1aedc8,110101110110111001000
7459,0x153a75,101010011101001110101
7460,0x09c912,010011100100100010010
7461,0x0eb34d,011101011001101001101
7462,0x05c693,001011100011010010011
7463,0x12a9a4,100101010100110100100
7464,0x0d714a,011010111000101001010
7465,0x11ca95,100011100101010010101
7466,0x0e2464,011100010010001100100
7467,0x114b19,100010100101100011001
7468,0x16b8b4,101101011100010110100
7469,0x19ce49,110011100111001001001
7470,0x1639a5,101100011100110100101
7471,0x0cdb5c,011001101101101011100
7472,0x026467,000100110010001100111
7473,0x151759,101010001011101011001
7474,0x08e916,010001110100100010110
7475,0x035aed,000110101101011101101
7476,0x189156,110001001000101010110
7477,0x076b2b,001110110101100101011
7478,0x08d6a4,010001101011010100100
7479,0x0da93b,011011010100100111011
7480,0x125c46,100100101110001000110
7481,0x0d35dd,011010011010111011101
7482,0x126a88,100100110101010001000
7483,0x095d27,010010101110100100111
7484,0x12a644,100101010011001000100
7485,0x0d4889,011010100100010001001
7486,0x129b65,100101001101101100101
7487,0x0d768c,011010111011010001100
7488,0x138d2b,100111000110100101011
7489,0x094a95,010010100101010010101
7490,0x03b163,000111011000101100011
7491,0x116719,100010110011100011001
7492,0x0759d6,001110101100111010110
7493,0x192e8c,110010010111010001100
7494,0x165272,101100101001001110010
7495,0x13ad1d,100111010110100011101
7496,0x1cd2b8,111001101001010111000
7497,0x0a2c65,010100010110001100101
7498,0x0d968e,011011001011010001110
7499,0x0b6511,010110110010100010001
7500,0x051ce6,001010001110011100110
7501,0x12719b,100100111000110011011
7502,0x1cac44,111001010110001000100
7503,0x1131bb,100010011000110111011
7504,0x1aec46,110101110110001000110
7505,0x155b6b,101010101101101101011
7506,0x0b2c94,010110010110010010100
7507,0x11db68,100011101101101101000
7508,0x0d6451,011010110010001010001
7509,0x139db6,100111001110110110110
7510,0x0e2b5b,011100010101101011011
7511,0x12d628,100101101011000101000
7512,0x0529cb,001010010100111001011
7513,0x139736,100111001011100110110
7514,0x0d6edc,011010110111011011100
7515,0x1a5926,110100101100100100110
7516,0x1462b9,101000110001010111001
7517,0x1b8d2e,110111000110100101110
7518,0x1518c5,101010001100011000101
7519,0x097772,010010111011101110010
7520,0x048dae,001001000110110101110
7521,0x0b58d4,010110101100011010100
7522,0x122bab,100100010101110101011
7523,0x0d914d,011011001000101001101
7524,0x1256a2,100100101011010100010
7525,0x0b8b6d,010111000101101101101
7526,0x1cc69a,111001100011010011010
7527,0x1138e5,100010011100011100101
7528,0x0c963a,011001001011000111010
7529,0x1345c5,100110100010111000101
7530,0x08eabb,010001110101010111011
7531,0x171451,101110001010001010001
7532,0x18d3ad,110001101001110101101
7533,0x062753,001100010011101010011
7534,0x14db88,101001101101110001000
7535,0x0b3a67,010110011101001100111
7536,0x168d12,101101000110100010010
7537,0x1363a5,100110110001110100101
7538,0x0d99ba,011011001100110111010
7539,0x14ce51,101001100111001010001
7540,0x1bb48e,110111011010010001110
7541,0x1563b1,101010110001110110001
7542,0x0cb667,011001011011001100111
7543,0x036db9,000110110110110111001
7544,0x1c9312,111001001001100010010
7545,0x03acc5,000111010110011000101
7546,0x1d3762,111010011011101100010
7547,0x0a4b95,010100100101110010101
7548,0x15d4e3,101011101010011100011
7549,0x0a3312,010100011001100010010
7550,0x14edb5,101001110110110110101
7551,0x075a5a,001110101101001011010
7552,0x18cd29,110001100110100101001
7553,0x176a94,101110110101010010100
7554,0x09558a,010010101010110001010
7555,0x163add,101100011101011011101
7556,0x0dd3a3,011011101001110100011
7557,0x136d5c,100110110110101011100
7558,0x059abb,001011001101010111011
7559,0x1aed62,110101110110101100010
7560,0x032ad9,000110010101011011001
7561,0x165716,101100101011100010110
7562,0x09c969,010011100100101101001
7563,0x1376a6,100110111011010100110
7564,0x0d499b,011010100100110011011
7565,0x16b454,101101011010001010100
7566,0x1153ab,100010101001110101011
7567,0x168a54,101101000101001010100
7568,0x036729,000110110011100101001
7569,0x1cb8ec,111001011100011101100
7570,0x093647,010010011011001000111
7571,0x07492a,001110100100100101010
7572,0x1a3755,110100011011101010101
7573,0x1aca8a,110101100101010001010
7574,0x171764,101110001011101100100
7575,0x18a8ae,110001010100010101110
7576,0x16d5c5,101101101010111000101
7577,0x1ba92a,110111010100100101010
7578,0x04925b,001001001001001011011
7579,0x1a5cec,110100101110011101100
7580,0x159192,101011001000110010010
7581,0x0ea76d,011101010011101101101
7582,0x1318da,100110001100011011010
7583,0x0db62e,011011011011000101110
7584,0x1a5bb5,110100101101110110101
7585,0x0d3549,011010011010101001001
7586,0x1aeab1,110101110101010110001
7587,0x0cd44e,011001101010001001110
7588,0x0b8da9,010111000110110101001
7589,0x14714e,101000111000101001110
7590,0x0eaed2,011101010111011010010
7591,0x12514b,100100101000101001011
7592,0x0d8e5c,011011000111001011100
7593,0x127536,100100111010100110110
7594,0x1caa68,111001010101001101000
7595,0x1111d3,100010001000111010011
7596,0x166eae,101100110111010101110
7597,0x191d55,110010001110101010101
7598,0x0e71ba,011100111000110111010
7599,0x148e69,101001000111001101001
7600,0x0e5177,011100101000101110111
7601,0x12ba88,100101011101010001000
7602,0x0e475b,011100100011101011011
7603,0x0b9ce6,010111001110011100110
7604,0x0e3329,011100011001100101001
7605,0x191cd6,110010001110011010110
7606,0x026b6b,000100110101101101011
7607,0x193512,110010011010100010010
7608,0x168a8d,101101000101010001101
7609,0x192572,110010010010101110010
7610,0x02d6c5,000101101011011000101
7611,0x1c4a72,111000100101001110010
7612,0x138d9c,100111000110110011100
7613,0x0aba77,010101011101001110111
7614,0x17718e,101110111000110001110
7615,0x089b75,010001001101101110101
7616,0x12e5b2,100101110010110110010
7617,0x0b1c5b,010110001110001011011
7618,0x1576b1,101010111011010110001
7619,0x0b8c6a,010111000110001101010
7620,0x151ab6,101010001101010110110
7621,0x09c5ab,010011100010110101011
7622,0x0ebb74,011101011101101110100
7623,0x17465b,101110100011001011011
7624,0x193b88,110010011101110001000
7625,0x04cc72,001001100110001110010
7626,0x133a8a,100110011101010001010
7627,0x06a547,001101010010101000111
7628,0x1dd8ba,111011101100010111010
7629,0x1a62cc,110100110001011001100
7630,0x071927,001110001100100100111
7631,0x1ac494,110101100010010010100
7632,0x072a6e,001110010101001101110
7633,0x14d459,101001101010001011001
7634,0x1b4ea6,110110100111010100110
7635,0x06bb5a,001101011101101011010
7636,0x0954e6,010010101010011100110
7637,0x02aadb,000101010101011011011
7638,0x1b522c,110110101001000101100
7639,0x0cad56,011001010110101010110
7640,0x1a38e9,110100011100011101001
7641,0x09d326,010011101001100100110
7642,0x1b2ea9,110110010111010101001
7643,0x145452,101000101010001010010
7644,0x072ead,001110010111010101101
7645,0x1ad13a,110101101000100111010
7646,0x03666d,000110110011001101101
7647,0x1d1ba6,111010001101110100110
7648,0x0ad4cb,010101101010011001011
7649,0x171db4,101110001110110110100
7650,0x0ee462,011101110010001100010
7651,0x099a97,010011001101010010111
7652,0x1a636c,110100110001101101100
7653,0x049cd2,001001001110011010010
7654,0x033b6d,000110011101101101101
7655,0x0e4dba,011100100110110111010
7656,0x05ba71,001011011101001110001
7657,0x194d4e,110010100110101001110
7658,0x0736b2,001110011011010110010
7659,0x0ad9ad,010101101100110101101
7660,0x1dac5a,111011010110001011010
7661,0x07739d,001110111001110011101
7662,0x191c68,110010001110001101000
7663,0x167195,101100111000110010101
7664,0x1b9966,110111001100101100110
7665,0x0c5c9d,011000101110010011101
7666,0x162356,101100010001101010110
7667,0x1ac9b9,110101100100110111001
7668,0x15166e,101010001011001101110
7669,0x16e8b5,101101110100010110101
7670,0x1b771a,110110111011100011010
7671,0x068ac7,001101000101011000111
7672,0x1ab518,110101011010100011000
7673,0x15d8b6,101011101100010110110
7674,0x0ec6d9,011101100011011011001
7675,0x111136,100010001000100110110
7676,0x02ae99,000101010111010011001
7677,0x15d26a,101011101001001101010
7678,0x1a8cb1,110101000110010110001
7679,0x15764d,101010111011001001101
7680,0x0aa2ba,010101010001010111010
7681,0x131ce5,100110001110011100101
7682,0x0ca5ab,011001010010110101011
7683,0x136e52,100110110111001010010
7684,0x1a96a5,110101001011010100101
7685,0x14e9d3,101001110100111010011
7686,0x0b96ee,010111001011011101110
7687,0x052b17,001010010101100010111
7688,0x1a744e,110100111010001001110
7689,0x0bae31,010111010111000110001
7690,0x06d48a,001101101010010001010
7691,0x0d3674,011010011011001110100
7692,0x124b8b,100100100101110001011
7693,0x0cb45a,011001011010001011010
7694,0x136923,100110110100100100011
7695,0x0d12d4,011010001001011010100
7696,0x1ad928,110101101100100101000
7697,0x062e5d,001100010111001011101
7698,0x1158b2,100010101100010110010
7699,0x04a6a5,001001010011010100101
7700,0x19575a,110010101011101011010
7701,0x0738c9,001110011100011001001
7702,0x14cb26,101001100101100100110
7703,0x03368b,000110011011010001011
7704,0x11c9b6,100011100100110110110
7705,0x071259,001110001001001011001
7706,0x0cedaa,011001110110110101010
7707,0x12736d,100100111001101101101
7708,0x1dae98,111011010111010011000
7709,0x115b46,100010101101101000110
7710,0x1644a9,101100100010010101001
7711,0x0d134a,011010001001101001010
7712,0x1266e6,100100110011011100110
7713,0x0c998c,011001001100110001100
7714,0x11645a,100010110010001011010
7715,0x0c5b8c,011000101101110001100
7716,0x13a56b,100111010010101101011
7717,0x144bb6,101000100101110110110
7718,0x1ba4dc,110111010010011011100
7719,0x0c69a2,011000110100110100010
7720,0x029275,000101001001001110101
7721,0x11258e,100010010010110001110
7722,0x18eae9,110001110101011101001
7723,0x0b1c92,010110001110010010010
7724,0x14c766,101001100011101100110
7725,0x1b1c9d,110110001110010011101
7726,0x0ec769,011101100011101101001
7727,0x19bb8e,110011011101110001110
7728,0x072449,001110010010001001001
7729,0x1cebb4,111001110101110110100
7730,0x131748,100110001011101001000
7731,0x0e6c67,011100110110001100111
7732,0x11a29b,100011010001010011011
7733,0x0b1624,010110001011000100100
7734,0x18ad59,110001010110101011001
7735,0x164ee2,101100100111011100010
7736,0x15b514,101011011010100010100
7737,0x0a928e,010101001001010001110
7738,0x146d25,101000110110100100101
7739,0x1bb456,110111011010001010110
7740,0x162a39,101100010101000111001
7741,0x09c545,010011100010101000101
7742,0x132338,100110010001100111000
7743,0x04dda7,001001101110110100111
7744,0x196a48,110010110101001001000
7745,0x06d12e,001101101000100101110
7746,0x092c5d,010010010110001011101
7747,0x0ed1aa,011101101000110101010
7748,0x19a265,110011010001001100101
7749,0x165d38,101100101110100111000
7750,0x088ee4,010001000111011100100
7751,0x172493,101110010010010010011
7752,0x09cba5,010011100101110100101
7753,0x0e34d2,011100011010011010010
7754,0x05ca4d,001011100101001001101
7755,0x1a35b2,110100011010110110010
7756,0x0dce8c,011011100111010001100
7757,0x162523,101100010010100100011
7758,0x088ac6,010001000101011000110
7759,0x0356b9,000110101011010111001
7760,0x1ca32c,111001010001100101100
7761,0x129c5b,100101001110001011011
7762,0x05d2a6,001011101001010100110
7763,0x16474b,101100100011101001011
7764,0x198db6,110011000110110110110
7765,0x03774b,000110111011101001011
7766,0x18a492,110001010010010010010
7767,0x0e592c,011100101100100101100
7768,0x18e6d2,110001110011011010010
7769,0x06346d,001100011010001101101
7770,0x188e92,110001000111010010010
7771,0x02511d,000100101000100011101
7772,0x13a6ea,100111010011011101010
7773,0x165951,101100101100101010001
7774,0x1a246e,110100010010001101110
7775,0x11d95b,100011101100101011011
7776,0x0e24c6,011100010010011000110
7777,0x11952b,100011001010100101011
7778,0x0aebb4,010101110101110110100
7779,0x04922b,001001001001000101011
7780,0x1328d4,100110010100011010100
7781,0x0ae723,010101110011100100011
7782,0x1588c8,101011000100011001000
7783,0x096556,010010110010101010110
7784,0x04abad,001001010101110101101
7785,0x19c476,110011100010001110110
7786,0x02b94b,000101011100101001011
7787,0x192239,110010010001000111001
7788,0x12e9ce,100101110100111001110
7789,0x0566bb,001010110011010111011
7790,0x0b9cc5,010111001110011000101
7791,0x147769,101000111011101101001
7792,0x138c8e,100111000110010001110
7793,0x14b711,101001011011100010001
7794,0x195cce,110010101110011001110
7795,0x07223b,001110010001000111011
7796,0x19c965,110011100100101100101
7797,0x14a4ba,101001010010010111010
7798,0x1152d5,100010101001011010101
7799,0x168d4b,101101000110101001011
7800,0x18e274,110001110001001110100
7801,0x072c9d,001110010110010011101
7802,0x0992e3,010011001001011100011
7803,0x155d94,101010101110110010100
7804,0x022e63,000100010111001100011
7805,0x1c5b98,111000101101110011000
7806,0x058c76,001011000110001110110
7807,0x02e689,000101110011010001001
7808,0x1b1aa6,110110001101010100110
7809,0x0ac519,010101100010100011001
7810,0x1cb2a4,111001011001010100100
7811,0x02695d,000100110100101011101
7812,0x13b722,100111011011100100010
7813,0x092acb,010010010101011001011
7814,0x14b1ad,101001011000110101101
7815,0x0dce71,011011100111001110001
7816,0x12938e,100101001001110001110
7817,0x0d2e6d,011010010111001101101
7818,0x064596,001100100010110010110
7819,0x14ba4b,101001011101001001011
7820,0x0b1133,010110001000100110011
7821,0x05ae8e,001011010111010001110
7822,0x0e91dd,011101001000111011101
7823,0x056eaa,001010110111010101010
7824,0x14b453,101001011010001010011
7825,0x0e5a6e,011100101101001101110
7826,0x11a5bb,100011010010110111011
7827,0x1c6b6c,111000110101101101100
7828,0x0924b3,010010010010010110011
7829,0x14bac4,101001011101011000100
7830,0x136633,100110110011000110011
7831,0x0eb56c,011101011010101101100
7832,0x1766b5,101110110011010110101
7833,0x06952a,001101001010100101010
7834,0x0dcec5,011011100111011000101
7835,0x171238,101110001001000111000
7836,0x0ae716,010101110011100010110
7837,0x114ceb,100010100110011101011
7838,0x162a34,101100010101000110100
7839,0x0da4d1,011011010010011010001
7840,0x1b5d36,110110101110100110110
7841,0x1532dd,101010011001011011101
7842,0x1a4ca2,110100100110010100010
7843,0x153315,101010011001100010101
7844,0x1aceba,110101100111010111010
7845,0x172d45,101110010110101000101
7846,0x11dcb8,100011101110010111000
7847,0x0e228e,011100010001010001110
7848,0x135d73,100110101110101110011
7849,0x08ee8a,010001110111010001010
7850,0x0b1165,010110001000101100101
7851,0x18e75a,110001110011101011010
7852,0x0b52a6,010110101001010100110
7853,0x12a9d9,100101010100111011001
7854,0x0d1233,011010001001000110011
7855,0x1aed2c,110101110110100101100
7856,0x1471d1,101000111000111010001
7857,0x1a8e9c,110101000111010011100
7858,0x0973a7,010010111001110100111
7859,0x122c68,100100010110001101000
7860,0x1cd954,111001101100101010100
7861,0x11aecb,100011010111011001011
7862,0x044b3a,001000100101100111010
7863,0x1b34c4,110110011010011000100
7864,0x09cd1b,010011100110100011011
7865,0x1234e2,100100011010011100010
7866,0x11c72d,100011100011100101101
7867,0x0e5c94,011100101110010010100
7868,0x122259,100100010001001011001
7869,0x0d9ca3,011011001110010100011
7870,0x1c72dc,111000111001011011100
7871,0x0badb3,010111010110110110011
7872,0x16d8ee,101101101100011101110
7873,0x11371c,100010011011100011100
7874,0x0e44a3,011100100010010100011
7875,0x159775,101011001011101110101
7876,0x0b48dd,010110100100011011101
7877,0x16b4a6,101101011010010100110
7878,0x194d38,110010100110100111000
7879,0x06aecd,001101010111011001101
7880,0x0b6522,010110110010100100010
7881,0x129258,100101001001001011000
7882,0x0b2cd7,010110010110011010111
7883,0x1ddb48,111011101101101001000
7884,0x13a4d3,100111010010011010011
7885,0x189728,110001001011100101000
7886,0x175255,101110101001001010101
7887,0x0caee2,011001010111011100010
7888,0x173148,101110011000101001000
7889,0x02cd31,000101100110100110001
7890,0x157246,101010111001001000110
7891,0x0eb531,011101011010100110001
7892,0x1912d8,110010001001011011000
7893,0x05a52b,001011010010100101011
7894,0x18ca54,110001100101001010100
7895,0x03a5c9,000111010010111001001
7896,0x16573b,101100101011100111011
7897,0x0c8c6d,011001000110001101101
7898,0x1d75d2,111010111010111010010
7899,0x12ba49,100101011101001001001
7900,0x1c698e,111000110100110001110
7901,0x13aa5c,100111010101001011100
7902,0x0a75c5,010100111010111000101
7903,0x11a8a8,100011010100010101000
7904,0x06725b,001100111001001011011
7905,0x0b8eb4,010111000111010110100
7906,0x16b913,101101011100100010011
7907,0x1b4d69,110110100110101101001
7908,0x03a3a7,000111010001110100111
7909,0x04dcca,001001101110011001010
7910,0x113635,100010011011000110101
7911,0x0e888b,011101000100010001011
7912,0x19d32c,110011101001100101100
7913,0x062599,001100010010110011001
7914,0x134c65,100110100110001100101
7915,0x15b1b9,101011011000110111001
7916,0x126e24,100100110111000100100
7917,0x0489d9,001001000100111011001
7918,0x17746e,101110111010001101110
7919,0x03891b,000111000100100011011
7920,0x1656e5,101100101011011100101
7921,0x0b29d9,010110010100111011001
7922,0x16546d,101100101010001101101
7923,0x112ab2,100010010101010110010
7924,0x09d16c,010011101000101101100
7925,0x16aeb1,101101010111010110001
7926,0x19519a,110010101000110011010
7927,0x02aee9,000101010111011101001
7928,0x115d93,100010101110110010011
7929,0x0cba2d,011001011101000101101
7930,0x1116d4,100010001011011010100
7931,0x0ee739,011101110011100111001
7932,0x0b28c4,010110010100011000100
7933,0x1c5d5a,111000101110101011010
7934,0x0bb2b9,010111011001010111001
7935,0x1ccc76,111001100110001110110
7936,0x17139d,101110001001110011101
7937,0x0ae63a,010101110011000111010
7938,0x04b98d,001001011100110001101
7939,0x094671,010010100011001110001
7940,0x0e98ae,011101001100010101110
7941,0x1936d2,110010011011011010010
7942,0x12cc5d,100101100110001011101
7943,0x073b22,001110011101100100010
7944,0x18cdd5,110001100110111010101
7945,0x13b368,100111011001101101000
7946,0x0d8ed7,011011000111011010111
7947,0x13752c,100110111010100101100
7948,0x0cdae3,011001101101011100011
7949,0x1b9714,110111001011100010100
7950,0x04d8db,001001101100011011011
7951,0x1d8eac,111011000111010101100
7952,0x0a3563,010100011010101100011
7953,0x16aa9c,101101010101010011100
7954,0x0b376b,010110011011101101011
7955,0x18ecb8,110001110110010111000
7956,0x1392e5,100111001001011100101
7957,0x096d2a,010010110110100101010
7958,0x1b9651,110111001011001010001
7959,0x0451a5,001000101000110100101
7960,0x11ba32,100011011101000110010
7961,0x0a768d,010100111011010001101
7962,0x15a533,101011010010100110011
7963,0x1adace,110101101101011001110
7964,0x05ac71,001011010110001110001
7965,0x1aca28,110101100101000101000
7966,0x07751d,001110111010100011101
7967,0x1a94a2,110101001010010100010
7968,0x0dba54,011011011101001010100
7969,0x1a75b1,110100111010110110001
7970,0x0dac45,011011010110001000101
7971,0x1773b8,101110111001110111000
7972,0x1a9465,110101001010001100101
7973,0x052dd2,001010010110111010010
7974,0x1a9339,110101001001100111001
7975,0x0776e5,001110111011011100101
7976,0x1aa9b8,110101010100110111000
7977,0x05974d,001011001011101001101
7978,0x1a68e8,110100110100011101000
7979,0x049d17,001001001110100010111
7980,0x1ae288,110101110001010001000
7981,0x171763,101110001011101100011
7982,0x18889c,110001000100010011100
7983,0x073963,001110011100101100011
7984,0x16e69c,101101110011010011100
7985,0x0b5b71,010110101101101110001
7986,0x18b49d,110001011010010011101
7987,0x154e22,101010100111000100010
7988,0x13b9d5,100111011100111010101
7989,0x0d1729,011010001011100101001
7990,0x1ae91a,110101110100100011010
7991,0x1176ed,100010111011011101101
7992,0x0cd9b9,011001101100110111001
7993,0x0b26c6,010110010011011000110
7994,0x19db31,110011101101100110001
7995,0x0e2ccb,011100010110011001011
7996,0x18c574,110001100010101110100
7997,0x032ba3,000110010101110100011
7998,0x08d18c,010001101000110001100
7999,0x152e96,101010010111010010110
8000,0x069949,001101001100101001001
8001,0x18ee32,110001110111000110010
8002,0x173189,101110011000110001001
8003,0x09cc74,010011100110001110100
8004,0x171ba5,101110001101110100101
8005,0x0aa4d2,010101010010011010010
8006,0x14ca2c,101001100101000101100
8007,0x0bb573,010111011010101110011
8008,0x1d28cc,111010010100011001100
8009,0x06c777,001101100011101110111
8010,0x192a28,110010010101000101000
8011,0x066d5b,001100110110101011011
8012,0x15b266,101011011001001100110
8013,0x0b4c99,010110100110010011001
8014,0x16b26a,101101011001001101010
8015,0x0b35b1,010110011010110110001
8016,0x16e354,101101110001101010100
8017,0x0d15a3,011010001010110100011
8018,0x0aeb64,010101110101101100100
8019,0x15763a,101010111011000111010
8020,0x18aad1,110001010101011010001
8021,0x0ed5ac,011101101010110101100
8022,0x144ad3,101000100101011010011
8023,0x0ab46e,010101011010001101110
8024,0x0746b1,001110100011010110001
8025,0x12b16a,100101011000101101010
8026,0x0c8ab7,011001000101010110111
8027,0x172dc8,101110010110111001000
8028,0x0c9247,011001001001001000111
8029,0x1aed94,110101110110110010100
8030,0x0736eb,001110011011011101011
8031,0x1aa911,110101010100100010001
8032,0x05d88e,001011101100010001110
8033,0x0b7665,010110111011001100101
8034,0x1289c8,100101000100111001000
8035,0x04763b,001000111011000111011
8036,0x1b9188,110111001000110001000
8037,0x04ec59,001001110110001011001
8038,0x0a9b2e,010101001101100101110
8039,0x14a4cd,101001010010011001101
8040,0x125313,100100101001100010011
8041,0x0d8e64,011011000111001100100
8042,0x077111,001110111000100010001
8043,0x1dac76,111011010110001110110
8044,0x045a8b,001000101101010001011
8045,0x133744,100110011011101000100
8046,0x0ca4b1,011001010010010110001
8047,0x1d18ce,111010001100011001110
8048,0x03ab71,000111010101101110001
8049,0x1cd4cc,111001101010011001100
8050,0x0b2d23,010110010110100100011
8051,0x0452ba,001000101001010111010
8052,0x0bb96d,010111011100101101101
8053,0x14a6a6,101001010011010100110
8054,0x0d9d53,011011001110101010011
8055,0x0a63ac,010100110001110101100
8056,0x119455,100011001010001010101
8057,0x04672a,001000110011100101010
8058,0x11a8ed,100011010100011101101
8059,0x071712,001110001011100010010
8060,0x08ec45,010001110110001000101
8061,0x123332,100100011001100110010
8062,0x0d558d,011010101010110001101
8063,0x0a8b3a,010101000101100111010
8064,0x166ca5,101100110110010100101
8065,0x0d9a72,011011001101001110010
8066,0x1225c8,100100010010111001000
8067,0x095ab4,010010101101010110100
8068,0x16c562,101101100010101100010
8069,0x0a3694,010100011011010010100
8070,0x04ed6b,001001110110101101011
8071,0x131755,100110001011101010101
8072,0x0c45a6,011000100010110100110
8073,0x1338b9,100110011100010111001
8074,0x18e366,110001110001101100110
8075,0x035599,000110101010110011001
8076,0x18a3a5,110001010001110100101
8077,0x0b344c,010110011010001001100
8078,0x0529b3,001010010100110110011
8079,0x1276c4,100100111011011000100
8080,0x158e2b,101011000111000101011
8081,0x0a711c,010100111000100011100
8082,0x118dca,100011000110111001010
8083,0x0a3733,010100011011100110011
8084,0x1d4dc6,111010100110111000110
8085,0x0c9239,011001001001000111001
8086,0x194c64,110010100110001100100
8087,0x0e2689,011100010011010001001
8088,0x15bb26,101011011101100100110
8089,0x1a7699,110100111011010011001
8090,0x072376,001110010001101110110
8091,0x049dcd,001001001110111001101
8092,0x094632,010010100011000110010
8093,0x1a91c4,110101001000111000100
8094,0x151d39,101010001110100111001
8095,0x0ee25a,011101110001001011010
8096,0x15d52d,101011101010100101101
8097,0x0b2ea2,010110010111010100010
8098,0x14c75d,101001100011101011101
8099,0x1a3362,110100011001101100010
8100,0x148c95,101001000110010010101
8101,0x0d62ce,011010110001011001110
8102,0x12d711,100101101011100010001
8103,0x162a4e,101100010101001001110
8104,0x0d5522,011010101010100100010
8105,0x12aae8,100101010101011101000
8106,0x0c4d54,011000100110101010100
8107,0x0b8eeb,010111000111011101011
8108,0x15359d,101010011010110011101
8109,0x0e4ad2,011100100101011010010
8110,0x1b2575,110110010010101110101
8111,0x048b8b,001001000101110001011
8112,0x196672,110010110011001110010
8113,0x0e5b9d,011100101101110011101
8114,0x1d254e,111010010010101001110
8115,0x02c9a5,000101100100110100101
8116,0x17349c,101110011010010011100
8117,0x08e231,010001110001000110001
8118,0x0551c7,001010101000111000111
8119,0x16ba72,101101011101001110010
8120,0x19c74d,110011100011101001101
8121,0x0e6bb1,011100110101110110001
8122,0x09d24d,010011101001001001101
8123,0x1765a8,101110110010110101000
8124,0x119275,100011001001001110101
8125,0x066962,001100110100101100010
8126,0x19b595,110011011010110010101
8127,0x0358cb,000110101100011001011
8128,0x0e3375,011100011001101110101
8129,0x0dd49a,011011101010010011010
8130,0x062d75,001100010110101110101
8131,0x1d9398,111011001001110011000
8132,0x1a4e72,110100100111001110010
8133,0x14b8cd,101001011100011001101
8134,0x191726,110010001011100100110
8135,0x06688d,001100110100010001101
8136,0x0b165a,010110001011001011010
8137,0x0ceea9,011001110111010101001
8138,0x1712d4,101110001001011010100
8139,0x0eeb4b,011101110101101001011
8140,0x1d92b6,111011001001010110110
8141,0x134d11,100110100110100010001
8142,0x1c766e,111000111011001101110
8143,0x0918d9,010010001100011011001
8144,0x176464,101110110010001100100
8145,0x0a5b11,010100101101100010001
8146,0x17266d,101110010011001101101
8147,0x09cd36,010011100110100110110
8148,0x11324d,100010011001001001101
8149,0x04e4b2,001001110010010110010
8150,0x1a5246,110100101001001000110
8151,0x1db8b8,111011011100010111000
8152,0x1ad245,110101101001001000101
8153,0x15cbba,101011100101110111010
8154,0x0ead55,011101010110101010101
8155,0x1b5322,110110101001100100010
8156,0x06b8ad,001101011100010101101
8157,0x1b2762,110110010011101100010
8158,0x074a2d,001110100101000101101
8159,0x1a31ca,110100011000111001010
8160,0x12c674,100101100011001110100
8161,0x151c8e,101010001110010001110
8162,0x0ccb53,011001100101101010011
8163,0x13b8e4,100111011100011100100
8164,0x0255ab,000100101010110101011
8165,0x1d6a46,111010110101001000110
8166,0x02d569,000101101010101101001
8167,0x1b62d2,110110110001011010010
8168,0x0d391c,011010011100100011100
8169,0x12c6d3,100101100011011010011
8170,0x057126,001010111000100100110
8171,0x0e95da,011101001010111011010
8172,0x1372b5,100110111001010110101
8173,0x08a9ce,010001010100111001110
8174,0x1253b2,100100101001110110010
8175,0x1b25cd,110110010010111001101
8176,0x075b12,001110101101100010010
8177,0x18ceb4,110001100111010110100
8178,0x11376b,100010011011101101011
8179,0x076292,001110110001010010010
8180,0x0b95cb,010111001010111001011
8181,0x12eed6,100101110111011010110
8182,0x0e33b1,011100011001110110001
8183,0x18e456,110001110010001010110
8184,0x137223,100110111001000100011
8185,0x0eec44,011101110110001000100
8186,0x15b288,101011011001010001000
8187,0x1a3939,110100011100100111001
8188,0x0e4576,011100100010101110110
8189,0x1496a5,101001001011010100101
8190,0x0a4b69,010100100101101101001
8191,0x11955a,100011001010101011010
